keyword,keyword_label,year,week_start,search_index,below_threshold,source_file
banh_keo,Bánh kẹo (Confectionery),2020,2019-12-29,65.0,False,banh_keo_2020.csv
banh_keo,Bánh kẹo (Confectionery),2020,2020-01-05,89.0,False,banh_keo_2020.csv
banh_keo,Bánh kẹo (Confectionery),2020,2020-01-12,100.0,False,banh_keo_2020.csv
banh_keo,Bánh kẹo (Confectionery),2020,2020-01-19,96.0,False,banh_keo_2020.csv
banh_keo,Bánh kẹo (Confectionery),2020,2020-01-26,39.0,False,banh_keo_2020.csv
banh_keo,Bánh kẹo (Confectionery),2020,2020-02-02,40.0,False,banh_keo_2020.csv
banh_keo,Bánh kẹo (Confectionery),2020,2020-02-09,42.0,False,banh_keo_2020.csv
banh_keo,Bánh kẹo (Confectionery),2020,2020-02-16,44.0,False,banh_keo_2020.csv
banh_keo,Bánh kẹo (Confectionery),2020,2020-02-23,43.0,False,banh_keo_2020.csv
banh_keo,Bánh kẹo (Confectionery),2020,2020-03-01,45.0,False,banh_keo_2020.csv
banh_keo,Bánh kẹo (Confectionery),2020,2020-03-08,36.0,False,banh_keo_2020.csv
banh_keo,Bánh kẹo (Confectionery),2020,2020-03-15,38.0,False,banh_keo_2020.csv
banh_keo,Bánh kẹo (Confectionery),2020,2020-03-22,35.0,False,banh_keo_2020.csv
banh_keo,Bánh kẹo (Confectionery),2020,2020-03-29,39.0,False,banh_keo_2020.csv
banh_keo,Bánh kẹo (Confectionery),2020,2020-04-05,48.0,False,banh_keo_2020.csv
banh_keo,Bánh kẹo (Confectionery),2020,2020-04-12,43.0,False,banh_keo_2020.csv
banh_keo,Bánh kẹo (Confectionery),2020,2020-04-19,48.0,False,banh_keo_2020.csv
banh_keo,Bánh kẹo (Confectionery),2020,2020-04-26,45.0,False,banh_keo_2020.csv
banh_keo,Bánh kẹo (Confectionery),2020,2020-05-03,43.0,False,banh_keo_2020.csv
banh_keo,Bánh kẹo (Confectionery),2020,2020-05-10,42.0,False,banh_keo_2020.csv
banh_keo,Bánh kẹo (Confectionery),2020,2020-05-17,38.0,False,banh_keo_2020.csv
banh_keo,Bánh kẹo (Confectionery),2020,2020-05-24,39.0,False,banh_keo_2020.csv
banh_keo,Bánh kẹo (Confectionery),2020,2020-05-31,42.0,False,banh_keo_2020.csv
banh_keo,Bánh kẹo (Confectionery),2020,2020-06-07,40.0,False,banh_keo_2020.csv
banh_keo,Bánh kẹo (Confectionery),2020,2020-06-14,44.0,False,banh_keo_2020.csv
banh_keo,Bánh kẹo (Confectionery),2020,2020-06-21,40.0,False,banh_keo_2020.csv
banh_keo,Bánh kẹo (Confectionery),2020,2020-06-28,41.0,False,banh_keo_2020.csv
banh_keo,Bánh kẹo (Confectionery),2020,2020-07-05,38.0,False,banh_keo_2020.csv
banh_keo,Bánh kẹo (Confectionery),2020,2020-07-12,44.0,False,banh_keo_2020.csv
banh_keo,Bánh kẹo (Confectionery),2020,2020-07-19,36.0,False,banh_keo_2020.csv
banh_keo,Bánh kẹo (Confectionery),2020,2020-07-26,37.0,False,banh_keo_2020.csv
banh_keo,Bánh kẹo (Confectionery),2020,2020-08-02,37.0,False,banh_keo_2020.csv
banh_keo,Bánh kẹo (Confectionery),2020,2020-08-09,45.0,False,banh_keo_2020.csv
banh_keo,Bánh kẹo (Confectionery),2020,2020-08-16,43.0,False,banh_keo_2020.csv
banh_keo,Bánh kẹo (Confectionery),2020,2020-08-23,39.0,False,banh_keo_2020.csv
banh_keo,Bánh kẹo (Confectionery),2020,2020-08-30,42.0,False,banh_keo_2020.csv
banh_keo,Bánh kẹo (Confectionery),2020,2020-09-06,48.0,False,banh_keo_2020.csv
banh_keo,Bánh kẹo (Confectionery),2020,2020-09-13,53.0,False,banh_keo_2020.csv
banh_keo,Bánh kẹo (Confectionery),2020,2020-09-20,61.0,False,banh_keo_2020.csv
banh_keo,Bánh kẹo (Confectionery),2020,2020-09-27,81.0,False,banh_keo_2020.csv
banh_keo,Bánh kẹo (Confectionery),2020,2020-10-04,50.0,False,banh_keo_2020.csv
banh_keo,Bánh kẹo (Confectionery),2020,2020-10-11,51.0,False,banh_keo_2020.csv
banh_keo,Bánh kẹo (Confectionery),2020,2020-10-18,43.0,False,banh_keo_2020.csv
banh_keo,Bánh kẹo (Confectionery),2020,2020-10-25,48.0,False,banh_keo_2020.csv
banh_keo,Bánh kẹo (Confectionery),2020,2020-11-01,51.0,False,banh_keo_2020.csv
banh_keo,Bánh kẹo (Confectionery),2020,2020-11-08,52.0,False,banh_keo_2020.csv
banh_keo,Bánh kẹo (Confectionery),2020,2020-11-15,54.0,False,banh_keo_2020.csv
banh_keo,Bánh kẹo (Confectionery),2020,2020-11-22,59.0,False,banh_keo_2020.csv
banh_keo,Bánh kẹo (Confectionery),2020,2020-11-29,70.0,False,banh_keo_2020.csv
banh_keo,Bánh kẹo (Confectionery),2020,2020-12-06,70.0,False,banh_keo_2020.csv
banh_keo,Bánh kẹo (Confectionery),2020,2020-12-13,71.0,False,banh_keo_2020.csv
banh_keo,Bánh kẹo (Confectionery),2020,2020-12-20,71.0,False,banh_keo_2020.csv
banh_keo,Bánh kẹo (Confectionery),2020,2020-12-27,66.0,False,banh_keo_2020.csv
banh_keo,Bánh kẹo (Confectionery),2021,2020-12-27,58.0,False,banh_keo_2021.csv
banh_keo,Bánh kẹo (Confectionery),2021,2021-01-03,64.0,False,banh_keo_2021.csv
banh_keo,Bánh kẹo (Confectionery),2021,2021-01-10,72.0,False,banh_keo_2021.csv
banh_keo,Bánh kẹo (Confectionery),2021,2021-01-17,82.0,False,banh_keo_2021.csv
banh_keo,Bánh kẹo (Confectionery),2021,2021-01-24,88.0,False,banh_keo_2021.csv
banh_keo,Bánh kẹo (Confectionery),2021,2021-01-31,100.0,False,banh_keo_2021.csv
banh_keo,Bánh kẹo (Confectionery),2021,2021-02-07,85.0,False,banh_keo_2021.csv
banh_keo,Bánh kẹo (Confectionery),2021,2021-02-14,43.0,False,banh_keo_2021.csv
banh_keo,Bánh kẹo (Confectionery),2021,2021-02-21,43.0,False,banh_keo_2021.csv
banh_keo,Bánh kẹo (Confectionery),2021,2021-02-28,42.0,False,banh_keo_2021.csv
banh_keo,Bánh kẹo (Confectionery),2021,2021-03-07,40.0,False,banh_keo_2021.csv
banh_keo,Bánh kẹo (Confectionery),2021,2021-03-14,39.0,False,banh_keo_2021.csv
banh_keo,Bánh kẹo (Confectionery),2021,2021-03-21,36.0,False,banh_keo_2021.csv
banh_keo,Bánh kẹo (Confectionery),2021,2021-03-28,37.0,False,banh_keo_2021.csv
banh_keo,Bánh kẹo (Confectionery),2021,2021-04-04,40.0,False,banh_keo_2021.csv
banh_keo,Bánh kẹo (Confectionery),2021,2021-04-11,33.0,False,banh_keo_2021.csv
banh_keo,Bánh kẹo (Confectionery),2021,2021-04-18,34.0,False,banh_keo_2021.csv
banh_keo,Bánh kẹo (Confectionery),2021,2021-04-25,32.0,False,banh_keo_2021.csv
banh_keo,Bánh kẹo (Confectionery),2021,2021-05-02,37.0,False,banh_keo_2021.csv
banh_keo,Bánh kẹo (Confectionery),2021,2021-05-09,35.0,False,banh_keo_2021.csv
banh_keo,Bánh kẹo (Confectionery),2021,2021-05-16,34.0,False,banh_keo_2021.csv
banh_keo,Bánh kẹo (Confectionery),2021,2021-05-23,35.0,False,banh_keo_2021.csv
banh_keo,Bánh kẹo (Confectionery),2021,2021-05-30,36.0,False,banh_keo_2021.csv
banh_keo,Bánh kẹo (Confectionery),2021,2021-06-06,33.0,False,banh_keo_2021.csv
banh_keo,Bánh kẹo (Confectionery),2021,2021-06-13,31.0,False,banh_keo_2021.csv
banh_keo,Bánh kẹo (Confectionery),2021,2021-06-20,34.0,False,banh_keo_2021.csv
banh_keo,Bánh kẹo (Confectionery),2021,2021-06-27,33.0,False,banh_keo_2021.csv
banh_keo,Bánh kẹo (Confectionery),2021,2021-07-04,32.0,False,banh_keo_2021.csv
banh_keo,Bánh kẹo (Confectionery),2021,2021-07-11,35.0,False,banh_keo_2021.csv
banh_keo,Bánh kẹo (Confectionery),2021,2021-07-18,38.0,False,banh_keo_2021.csv
banh_keo,Bánh kẹo (Confectionery),2021,2021-07-25,42.0,False,banh_keo_2021.csv
banh_keo,Bánh kẹo (Confectionery),2021,2021-08-01,40.0,False,banh_keo_2021.csv
banh_keo,Bánh kẹo (Confectionery),2021,2021-08-08,42.0,False,banh_keo_2021.csv
banh_keo,Bánh kẹo (Confectionery),2021,2021-08-15,47.0,False,banh_keo_2021.csv
banh_keo,Bánh kẹo (Confectionery),2021,2021-08-22,45.0,False,banh_keo_2021.csv
banh_keo,Bánh kẹo (Confectionery),2021,2021-08-29,49.0,False,banh_keo_2021.csv
banh_keo,Bánh kẹo (Confectionery),2021,2021-09-05,57.0,False,banh_keo_2021.csv
banh_keo,Bánh kẹo (Confectionery),2021,2021-09-12,58.0,False,banh_keo_2021.csv
banh_keo,Bánh kẹo (Confectionery),2021,2021-09-19,61.0,False,banh_keo_2021.csv
banh_keo,Bánh kẹo (Confectionery),2021,2021-09-26,48.0,False,banh_keo_2021.csv
banh_keo,Bánh kẹo (Confectionery),2021,2021-10-03,55.0,False,banh_keo_2021.csv
banh_keo,Bánh kẹo (Confectionery),2021,2021-10-10,62.0,False,banh_keo_2021.csv
banh_keo,Bánh kẹo (Confectionery),2021,2021-10-17,59.0,False,banh_keo_2021.csv
banh_keo,Bánh kẹo (Confectionery),2021,2021-10-24,51.0,False,banh_keo_2021.csv
banh_keo,Bánh kẹo (Confectionery),2021,2021-10-31,53.0,False,banh_keo_2021.csv
banh_keo,Bánh kẹo (Confectionery),2021,2021-11-07,49.0,False,banh_keo_2021.csv
banh_keo,Bánh kẹo (Confectionery),2021,2021-11-14,58.0,False,banh_keo_2021.csv
banh_keo,Bánh kẹo (Confectionery),2021,2021-11-21,62.0,False,banh_keo_2021.csv
banh_keo,Bánh kẹo (Confectionery),2021,2021-11-28,62.0,False,banh_keo_2021.csv
banh_keo,Bánh kẹo (Confectionery),2021,2021-12-05,73.0,False,banh_keo_2021.csv
banh_keo,Bánh kẹo (Confectionery),2021,2021-12-12,74.0,False,banh_keo_2021.csv
banh_keo,Bánh kẹo (Confectionery),2021,2021-12-19,88.0,False,banh_keo_2021.csv
banh_keo,Bánh kẹo (Confectionery),2021,2021-12-26,89.0,False,banh_keo_2021.csv
banh_keo,Bánh kẹo (Confectionery),2022,2021-12-26,61.0,False,banh_keo_2022.csv
banh_keo,Bánh kẹo (Confectionery),2022,2022-01-02,74.0,False,banh_keo_2022.csv
banh_keo,Bánh kẹo (Confectionery),2022,2022-01-09,83.0,False,banh_keo_2022.csv
banh_keo,Bánh kẹo (Confectionery),2022,2022-01-16,90.0,False,banh_keo_2022.csv
banh_keo,Bánh kẹo (Confectionery),2022,2022-01-23,100.0,False,banh_keo_2022.csv
banh_keo,Bánh kẹo (Confectionery),2022,2022-01-30,49.0,False,banh_keo_2022.csv
banh_keo,Bánh kẹo (Confectionery),2022,2022-02-06,42.0,False,banh_keo_2022.csv
banh_keo,Bánh kẹo (Confectionery),2022,2022-02-13,40.0,False,banh_keo_2022.csv
banh_keo,Bánh kẹo (Confectionery),2022,2022-02-20,35.0,False,banh_keo_2022.csv
banh_keo,Bánh kẹo (Confectionery),2022,2022-02-27,37.0,False,banh_keo_2022.csv
banh_keo,Bánh kẹo (Confectionery),2022,2022-03-06,36.0,False,banh_keo_2022.csv
banh_keo,Bánh kẹo (Confectionery),2022,2022-03-13,36.0,False,banh_keo_2022.csv
banh_keo,Bánh kẹo (Confectionery),2022,2022-03-20,34.0,False,banh_keo_2022.csv
banh_keo,Bánh kẹo (Confectionery),2022,2022-03-27,35.0,False,banh_keo_2022.csv
banh_keo,Bánh kẹo (Confectionery),2022,2022-04-03,38.0,False,banh_keo_2022.csv
banh_keo,Bánh kẹo (Confectionery),2022,2022-04-10,34.0,False,banh_keo_2022.csv
banh_keo,Bánh kẹo (Confectionery),2022,2022-04-17,38.0,False,banh_keo_2022.csv
banh_keo,Bánh kẹo (Confectionery),2022,2022-04-24,34.0,False,banh_keo_2022.csv
banh_keo,Bánh kẹo (Confectionery),2022,2022-05-01,34.0,False,banh_keo_2022.csv
banh_keo,Bánh kẹo (Confectionery),2022,2022-05-08,32.0,False,banh_keo_2022.csv
banh_keo,Bánh kẹo (Confectionery),2022,2022-05-15,34.0,False,banh_keo_2022.csv
banh_keo,Bánh kẹo (Confectionery),2022,2022-05-22,39.0,False,banh_keo_2022.csv
banh_keo,Bánh kẹo (Confectionery),2022,2022-05-29,41.0,False,banh_keo_2022.csv
banh_keo,Bánh kẹo (Confectionery),2022,2022-06-05,35.0,False,banh_keo_2022.csv
banh_keo,Bánh kẹo (Confectionery),2022,2022-06-12,34.0,False,banh_keo_2022.csv
banh_keo,Bánh kẹo (Confectionery),2022,2022-06-19,32.0,False,banh_keo_2022.csv
banh_keo,Bánh kẹo (Confectionery),2022,2022-06-26,33.0,False,banh_keo_2022.csv
banh_keo,Bánh kẹo (Confectionery),2022,2022-07-03,33.0,False,banh_keo_2022.csv
banh_keo,Bánh kẹo (Confectionery),2022,2022-07-10,41.0,False,banh_keo_2022.csv
banh_keo,Bánh kẹo (Confectionery),2022,2022-07-17,35.0,False,banh_keo_2022.csv
banh_keo,Bánh kẹo (Confectionery),2022,2022-07-24,37.0,False,banh_keo_2022.csv
banh_keo,Bánh kẹo (Confectionery),2022,2022-07-31,36.0,False,banh_keo_2022.csv
banh_keo,Bánh kẹo (Confectionery),2022,2022-08-07,43.0,False,banh_keo_2022.csv
banh_keo,Bánh kẹo (Confectionery),2022,2022-08-14,38.0,False,banh_keo_2022.csv
banh_keo,Bánh kẹo (Confectionery),2022,2022-08-21,39.0,False,banh_keo_2022.csv
banh_keo,Bánh kẹo (Confectionery),2022,2022-08-28,40.0,False,banh_keo_2022.csv
banh_keo,Bánh kẹo (Confectionery),2022,2022-09-04,88.0,False,banh_keo_2022.csv
banh_keo,Bánh kẹo (Confectionery),2022,2022-09-11,41.0,False,banh_keo_2022.csv
banh_keo,Bánh kẹo (Confectionery),2022,2022-09-18,42.0,False,banh_keo_2022.csv
banh_keo,Bánh kẹo (Confectionery),2022,2022-09-25,46.0,False,banh_keo_2022.csv
banh_keo,Bánh kẹo (Confectionery),2022,2022-10-02,44.0,False,banh_keo_2022.csv
banh_keo,Bánh kẹo (Confectionery),2022,2022-10-09,43.0,False,banh_keo_2022.csv
banh_keo,Bánh kẹo (Confectionery),2022,2022-10-16,46.0,False,banh_keo_2022.csv
banh_keo,Bánh kẹo (Confectionery),2022,2022-10-23,49.0,False,banh_keo_2022.csv
banh_keo,Bánh kẹo (Confectionery),2022,2022-10-30,49.0,False,banh_keo_2022.csv
banh_keo,Bánh kẹo (Confectionery),2022,2022-11-06,50.0,False,banh_keo_2022.csv
banh_keo,Bánh kẹo (Confectionery),2022,2022-11-13,56.0,False,banh_keo_2022.csv
banh_keo,Bánh kẹo (Confectionery),2022,2022-11-20,46.0,False,banh_keo_2022.csv
banh_keo,Bánh kẹo (Confectionery),2022,2022-11-27,52.0,False,banh_keo_2022.csv
banh_keo,Bánh kẹo (Confectionery),2022,2022-12-04,60.0,False,banh_keo_2022.csv
banh_keo,Bánh kẹo (Confectionery),2022,2022-12-11,61.0,False,banh_keo_2022.csv
banh_keo,Bánh kẹo (Confectionery),2022,2022-12-18,68.0,False,banh_keo_2022.csv
banh_keo,Bánh kẹo (Confectionery),2022,2022-12-25,68.0,False,banh_keo_2022.csv
banh_keo,Bánh kẹo (Confectionery),2023,2023-01-01,74.0,False,banh_keo_2023.csv
banh_keo,Bánh kẹo (Confectionery),2023,2023-01-08,97.0,False,banh_keo_2023.csv
banh_keo,Bánh kẹo (Confectionery),2023,2023-01-15,100.0,False,banh_keo_2023.csv
banh_keo,Bánh kẹo (Confectionery),2023,2023-01-22,36.0,False,banh_keo_2023.csv
banh_keo,Bánh kẹo (Confectionery),2023,2023-01-29,44.0,False,banh_keo_2023.csv
banh_keo,Bánh kẹo (Confectionery),2023,2023-02-05,45.0,False,banh_keo_2023.csv
banh_keo,Bánh kẹo (Confectionery),2023,2023-02-12,40.0,False,banh_keo_2023.csv
banh_keo,Bánh kẹo (Confectionery),2023,2023-02-19,41.0,False,banh_keo_2023.csv
banh_keo,Bánh kẹo (Confectionery),2023,2023-02-26,43.0,False,banh_keo_2023.csv
banh_keo,Bánh kẹo (Confectionery),2023,2023-03-05,38.0,False,banh_keo_2023.csv
banh_keo,Bánh kẹo (Confectionery),2023,2023-03-12,38.0,False,banh_keo_2023.csv
banh_keo,Bánh kẹo (Confectionery),2023,2023-03-19,38.0,False,banh_keo_2023.csv
banh_keo,Bánh kẹo (Confectionery),2023,2023-03-26,37.0,False,banh_keo_2023.csv
banh_keo,Bánh kẹo (Confectionery),2023,2023-04-02,36.0,False,banh_keo_2023.csv
banh_keo,Bánh kẹo (Confectionery),2023,2023-04-09,36.0,False,banh_keo_2023.csv
banh_keo,Bánh kẹo (Confectionery),2023,2023-04-16,33.0,False,banh_keo_2023.csv
banh_keo,Bánh kẹo (Confectionery),2023,2023-04-23,33.0,False,banh_keo_2023.csv
banh_keo,Bánh kẹo (Confectionery),2023,2023-04-30,33.0,False,banh_keo_2023.csv
banh_keo,Bánh kẹo (Confectionery),2023,2023-05-07,36.0,False,banh_keo_2023.csv
banh_keo,Bánh kẹo (Confectionery),2023,2023-05-14,36.0,False,banh_keo_2023.csv
banh_keo,Bánh kẹo (Confectionery),2023,2023-05-21,39.0,False,banh_keo_2023.csv
banh_keo,Bánh kẹo (Confectionery),2023,2023-05-28,39.0,False,banh_keo_2023.csv
banh_keo,Bánh kẹo (Confectionery),2023,2023-06-04,30.0,False,banh_keo_2023.csv
banh_keo,Bánh kẹo (Confectionery),2023,2023-06-11,32.0,False,banh_keo_2023.csv
banh_keo,Bánh kẹo (Confectionery),2023,2023-06-18,34.0,False,banh_keo_2023.csv
banh_keo,Bánh kẹo (Confectionery),2023,2023-06-25,34.0,False,banh_keo_2023.csv
banh_keo,Bánh kẹo (Confectionery),2023,2023-07-02,35.0,False,banh_keo_2023.csv
banh_keo,Bánh kẹo (Confectionery),2023,2023-07-09,38.0,False,banh_keo_2023.csv
banh_keo,Bánh kẹo (Confectionery),2023,2023-07-16,34.0,False,banh_keo_2023.csv
banh_keo,Bánh kẹo (Confectionery),2023,2023-07-23,33.0,False,banh_keo_2023.csv
banh_keo,Bánh kẹo (Confectionery),2023,2023-07-30,37.0,False,banh_keo_2023.csv
banh_keo,Bánh kẹo (Confectionery),2023,2023-08-06,38.0,False,banh_keo_2023.csv
banh_keo,Bánh kẹo (Confectionery),2023,2023-08-13,37.0,False,banh_keo_2023.csv
banh_keo,Bánh kẹo (Confectionery),2023,2023-08-20,40.0,False,banh_keo_2023.csv
banh_keo,Bánh kẹo (Confectionery),2023,2023-08-27,37.0,False,banh_keo_2023.csv
banh_keo,Bánh kẹo (Confectionery),2023,2023-09-03,42.0,False,banh_keo_2023.csv
banh_keo,Bánh kẹo (Confectionery),2023,2023-09-10,46.0,False,banh_keo_2023.csv
banh_keo,Bánh kẹo (Confectionery),2023,2023-09-17,55.0,False,banh_keo_2023.csv
banh_keo,Bánh kẹo (Confectionery),2023,2023-09-24,85.0,False,banh_keo_2023.csv
banh_keo,Bánh kẹo (Confectionery),2023,2023-10-01,42.0,False,banh_keo_2023.csv
banh_keo,Bánh kẹo (Confectionery),2023,2023-10-08,44.0,False,banh_keo_2023.csv
banh_keo,Bánh kẹo (Confectionery),2023,2023-10-15,43.0,False,banh_keo_2023.csv
banh_keo,Bánh kẹo (Confectionery),2023,2023-10-22,44.0,False,banh_keo_2023.csv
banh_keo,Bánh kẹo (Confectionery),2023,2023-10-29,48.0,False,banh_keo_2023.csv
banh_keo,Bánh kẹo (Confectionery),2023,2023-11-05,44.0,False,banh_keo_2023.csv
banh_keo,Bánh kẹo (Confectionery),2023,2023-11-12,45.0,False,banh_keo_2023.csv
banh_keo,Bánh kẹo (Confectionery),2023,2023-11-19,48.0,False,banh_keo_2023.csv
banh_keo,Bánh kẹo (Confectionery),2023,2023-11-26,52.0,False,banh_keo_2023.csv
banh_keo,Bánh kẹo (Confectionery),2023,2023-12-03,52.0,False,banh_keo_2023.csv
banh_keo,Bánh kẹo (Confectionery),2023,2023-12-10,58.0,False,banh_keo_2023.csv
banh_keo,Bánh kẹo (Confectionery),2023,2023-12-17,53.0,False,banh_keo_2023.csv
banh_keo,Bánh kẹo (Confectionery),2023,2023-12-24,49.0,False,banh_keo_2023.csv
banh_keo,Bánh kẹo (Confectionery),2023,2023-12-31,50.0,False,banh_keo_2023.csv
banh_keo,Bánh kẹo (Confectionery),2024,2023-12-31,52.0,False,banh_keo_2024.csv
banh_keo,Bánh kẹo (Confectionery),2024,2024-01-07,56.0,False,banh_keo_2024.csv
banh_keo,Bánh kẹo (Confectionery),2024,2024-01-14,68.0,False,banh_keo_2024.csv
banh_keo,Bánh kẹo (Confectionery),2024,2024-01-21,79.0,False,banh_keo_2024.csv
banh_keo,Bánh kẹo (Confectionery),2024,2024-01-28,97.0,False,banh_keo_2024.csv
banh_keo,Bánh kẹo (Confectionery),2024,2024-02-04,100.0,False,banh_keo_2024.csv
banh_keo,Bánh kẹo (Confectionery),2024,2024-02-11,42.0,False,banh_keo_2024.csv
banh_keo,Bánh kẹo (Confectionery),2024,2024-02-18,40.0,False,banh_keo_2024.csv
banh_keo,Bánh kẹo (Confectionery),2024,2024-02-25,43.0,False,banh_keo_2024.csv
banh_keo,Bánh kẹo (Confectionery),2024,2024-03-03,47.0,False,banh_keo_2024.csv
banh_keo,Bánh kẹo (Confectionery),2024,2024-03-10,38.0,False,banh_keo_2024.csv
banh_keo,Bánh kẹo (Confectionery),2024,2024-03-17,37.0,False,banh_keo_2024.csv
banh_keo,Bánh kẹo (Confectionery),2024,2024-03-24,36.0,False,banh_keo_2024.csv
banh_keo,Bánh kẹo (Confectionery),2024,2024-03-31,31.0,False,banh_keo_2024.csv
banh_keo,Bánh kẹo (Confectionery),2024,2024-04-07,37.0,False,banh_keo_2024.csv
banh_keo,Bánh kẹo (Confectionery),2024,2024-04-14,32.0,False,banh_keo_2024.csv
banh_keo,Bánh kẹo (Confectionery),2024,2024-04-21,36.0,False,banh_keo_2024.csv
banh_keo,Bánh kẹo (Confectionery),2024,2024-04-28,28.0,False,banh_keo_2024.csv
banh_keo,Bánh kẹo (Confectionery),2024,2024-05-05,36.0,False,banh_keo_2024.csv
banh_keo,Bánh kẹo (Confectionery),2024,2024-05-12,32.0,False,banh_keo_2024.csv
banh_keo,Bánh kẹo (Confectionery),2024,2024-05-19,36.0,False,banh_keo_2024.csv
banh_keo,Bánh kẹo (Confectionery),2024,2024-05-26,42.0,False,banh_keo_2024.csv
banh_keo,Bánh kẹo (Confectionery),2024,2024-06-02,36.0,False,banh_keo_2024.csv
banh_keo,Bánh kẹo (Confectionery),2024,2024-06-09,32.0,False,banh_keo_2024.csv
banh_keo,Bánh kẹo (Confectionery),2024,2024-06-16,29.0,False,banh_keo_2024.csv
banh_keo,Bánh kẹo (Confectionery),2024,2024-06-23,27.0,False,banh_keo_2024.csv
banh_keo,Bánh kẹo (Confectionery),2024,2024-06-30,29.0,False,banh_keo_2024.csv
banh_keo,Bánh kẹo (Confectionery),2024,2024-07-07,33.0,False,banh_keo_2024.csv
banh_keo,Bánh kẹo (Confectionery),2024,2024-07-14,32.0,False,banh_keo_2024.csv
banh_keo,Bánh kẹo (Confectionery),2024,2024-07-21,34.0,False,banh_keo_2024.csv
banh_keo,Bánh kẹo (Confectionery),2024,2024-07-28,38.0,False,banh_keo_2024.csv
banh_keo,Bánh kẹo (Confectionery),2024,2024-08-04,32.0,False,banh_keo_2024.csv
banh_keo,Bánh kẹo (Confectionery),2024,2024-08-11,37.0,False,banh_keo_2024.csv
banh_keo,Bánh kẹo (Confectionery),2024,2024-08-18,38.0,False,banh_keo_2024.csv
banh_keo,Bánh kẹo (Confectionery),2024,2024-08-25,36.0,False,banh_keo_2024.csv
banh_keo,Bánh kẹo (Confectionery),2024,2024-09-01,40.0,False,banh_keo_2024.csv
banh_keo,Bánh kẹo (Confectionery),2024,2024-09-08,66.0,False,banh_keo_2024.csv
banh_keo,Bánh kẹo (Confectionery),2024,2024-09-15,52.0,False,banh_keo_2024.csv
banh_keo,Bánh kẹo (Confectionery),2024,2024-09-22,35.0,False,banh_keo_2024.csv
banh_keo,Bánh kẹo (Confectionery),2024,2024-09-29,38.0,False,banh_keo_2024.csv
banh_keo,Bánh kẹo (Confectionery),2024,2024-10-06,37.0,False,banh_keo_2024.csv
banh_keo,Bánh kẹo (Confectionery),2024,2024-10-13,44.0,False,banh_keo_2024.csv
banh_keo,Bánh kẹo (Confectionery),2024,2024-10-20,49.0,False,banh_keo_2024.csv
banh_keo,Bánh kẹo (Confectionery),2024,2024-10-27,50.0,False,banh_keo_2024.csv
banh_keo,Bánh kẹo (Confectionery),2024,2024-11-03,48.0,False,banh_keo_2024.csv
banh_keo,Bánh kẹo (Confectionery),2024,2024-11-10,46.0,False,banh_keo_2024.csv
banh_keo,Bánh kẹo (Confectionery),2024,2024-11-17,47.0,False,banh_keo_2024.csv
banh_keo,Bánh kẹo (Confectionery),2024,2024-11-24,48.0,False,banh_keo_2024.csv
banh_keo,Bánh kẹo (Confectionery),2024,2024-12-01,47.0,False,banh_keo_2024.csv
banh_keo,Bánh kẹo (Confectionery),2024,2024-12-08,48.0,False,banh_keo_2024.csv
banh_keo,Bánh kẹo (Confectionery),2024,2024-12-15,59.0,False,banh_keo_2024.csv
banh_keo,Bánh kẹo (Confectionery),2024,2024-12-22,60.0,False,banh_keo_2024.csv
banh_keo,Bánh kẹo (Confectionery),2024,2024-12-29,60.0,False,banh_keo_2024.csv
banh_keo,Bánh kẹo (Confectionery),2025,2024-12-29,65.0,False,banh_keo_2025.csv
banh_keo,Bánh kẹo (Confectionery),2025,2025-01-05,70.0,False,banh_keo_2025.csv
banh_keo,Bánh kẹo (Confectionery),2025,2025-01-12,89.0,False,banh_keo_2025.csv
banh_keo,Bánh kẹo (Confectionery),2025,2025-01-19,100.0,False,banh_keo_2025.csv
banh_keo,Bánh kẹo (Confectionery),2025,2025-01-26,55.0,False,banh_keo_2025.csv
banh_keo,Bánh kẹo (Confectionery),2025,2025-02-02,48.0,False,banh_keo_2025.csv
banh_keo,Bánh kẹo (Confectionery),2025,2025-02-09,42.0,False,banh_keo_2025.csv
banh_keo,Bánh kẹo (Confectionery),2025,2025-02-16,36.0,False,banh_keo_2025.csv
banh_keo,Bánh kẹo (Confectionery),2025,2025-02-23,37.0,False,banh_keo_2025.csv
banh_keo,Bánh kẹo (Confectionery),2025,2025-03-02,38.0,False,banh_keo_2025.csv
banh_keo,Bánh kẹo (Confectionery),2025,2025-03-09,36.0,False,banh_keo_2025.csv
banh_keo,Bánh kẹo (Confectionery),2025,2025-03-16,41.0,False,banh_keo_2025.csv
banh_keo,Bánh kẹo (Confectionery),2025,2025-03-23,34.0,False,banh_keo_2025.csv
banh_keo,Bánh kẹo (Confectionery),2025,2025-03-30,32.0,False,banh_keo_2025.csv
banh_keo,Bánh kẹo (Confectionery),2025,2025-04-06,32.0,False,banh_keo_2025.csv
banh_keo,Bánh kẹo (Confectionery),2025,2025-04-13,29.0,False,banh_keo_2025.csv
banh_keo,Bánh kẹo (Confectionery),2025,2025-04-20,30.0,False,banh_keo_2025.csv
banh_keo,Bánh kẹo (Confectionery),2025,2025-04-27,24.0,False,banh_keo_2025.csv
banh_keo,Bánh kẹo (Confectionery),2025,2025-05-04,34.0,False,banh_keo_2025.csv
banh_keo,Bánh kẹo (Confectionery),2025,2025-05-11,32.0,False,banh_keo_2025.csv
banh_keo,Bánh kẹo (Confectionery),2025,2025-05-18,35.0,False,banh_keo_2025.csv
banh_keo,Bánh kẹo (Confectionery),2025,2025-05-25,37.0,False,banh_keo_2025.csv
banh_keo,Bánh kẹo (Confectionery),2025,2025-06-01,31.0,False,banh_keo_2025.csv
banh_keo,Bánh kẹo (Confectionery),2025,2025-06-08,35.0,False,banh_keo_2025.csv
banh_keo,Bánh kẹo (Confectionery),2025,2025-06-15,29.0,False,banh_keo_2025.csv
banh_keo,Bánh kẹo (Confectionery),2025,2025-06-22,27.0,False,banh_keo_2025.csv
banh_keo,Bánh kẹo (Confectionery),2025,2025-06-29,31.0,False,banh_keo_2025.csv
banh_keo,Bánh kẹo (Confectionery),2025,2025-07-06,31.0,False,banh_keo_2025.csv
banh_keo,Bánh kẹo (Confectionery),2025,2025-07-13,34.0,False,banh_keo_2025.csv
banh_keo,Bánh kẹo (Confectionery),2025,2025-07-20,33.0,False,banh_keo_2025.csv
banh_keo,Bánh kẹo (Confectionery),2025,2025-07-27,35.0,False,banh_keo_2025.csv
banh_keo,Bánh kẹo (Confectionery),2025,2025-08-03,38.0,False,banh_keo_2025.csv
banh_keo,Bánh kẹo (Confectionery),2025,2025-08-10,31.0,False,banh_keo_2025.csv
banh_keo,Bánh kẹo (Confectionery),2025,2025-08-17,39.0,False,banh_keo_2025.csv
banh_keo,Bánh kẹo (Confectionery),2025,2025-08-24,38.0,False,banh_keo_2025.csv
banh_keo,Bánh kẹo (Confectionery),2025,2025-08-31,39.0,False,banh_keo_2025.csv
banh_keo,Bánh kẹo (Confectionery),2025,2025-09-07,55.0,False,banh_keo_2025.csv
banh_keo,Bánh kẹo (Confectionery),2025,2025-09-14,57.0,False,banh_keo_2025.csv
banh_keo,Bánh kẹo (Confectionery),2025,2025-09-21,68.0,False,banh_keo_2025.csv
banh_keo,Bánh kẹo (Confectionery),2025,2025-09-28,97.0,False,banh_keo_2025.csv
banh_keo,Bánh kẹo (Confectionery),2025,2025-10-05,64.0,False,banh_keo_2025.csv
banh_keo,Bánh kẹo (Confectionery),2025,2025-10-12,49.0,False,banh_keo_2025.csv
banh_keo,Bánh kẹo (Confectionery),2025,2025-10-19,49.0,False,banh_keo_2025.csv
banh_keo,Bánh kẹo (Confectionery),2025,2025-10-26,44.0,False,banh_keo_2025.csv
banh_keo,Bánh kẹo (Confectionery),2025,2025-11-02,48.0,False,banh_keo_2025.csv
banh_keo,Bánh kẹo (Confectionery),2025,2025-11-09,49.0,False,banh_keo_2025.csv
banh_keo,Bánh kẹo (Confectionery),2025,2025-11-16,48.0,False,banh_keo_2025.csv
banh_keo,Bánh kẹo (Confectionery),2025,2025-11-23,46.0,False,banh_keo_2025.csv
banh_keo,Bánh kẹo (Confectionery),2025,2025-11-30,48.0,False,banh_keo_2025.csv
banh_keo,Bánh kẹo (Confectionery),2025,2025-12-07,50.0,False,banh_keo_2025.csv
banh_keo,Bánh kẹo (Confectionery),2025,2025-12-14,49.0,False,banh_keo_2025.csv
banh_keo,Bánh kẹo (Confectionery),2025,2025-12-21,53.0,False,banh_keo_2025.csv
banh_keo,Bánh kẹo (Confectionery),2025,2025-12-28,49.0,False,banh_keo_2025.csv
bia,Bia (Beer),2020,2019-12-29,77.0,False,bia_2020.csv
bia,Bia (Beer),2020,2020-01-05,81.0,False,bia_2020.csv
bia,Bia (Beer),2020,2020-01-12,79.0,False,bia_2020.csv
bia,Bia (Beer),2020,2020-01-19,100.0,False,bia_2020.csv
bia,Bia (Beer),2020,2020-01-26,71.0,False,bia_2020.csv
bia,Bia (Beer),2020,2020-02-02,47.0,False,bia_2020.csv
bia,Bia (Beer),2020,2020-02-09,41.0,False,bia_2020.csv
bia,Bia (Beer),2020,2020-02-16,43.0,False,bia_2020.csv
bia,Bia (Beer),2020,2020-02-23,37.0,False,bia_2020.csv
bia,Bia (Beer),2020,2020-03-01,39.0,False,bia_2020.csv
bia,Bia (Beer),2020,2020-03-08,33.0,False,bia_2020.csv
bia,Bia (Beer),2020,2020-03-15,34.0,False,bia_2020.csv
bia,Bia (Beer),2020,2020-03-22,32.0,False,bia_2020.csv
bia,Bia (Beer),2020,2020-03-29,35.0,False,bia_2020.csv
bia,Bia (Beer),2020,2020-04-05,33.0,False,bia_2020.csv
bia,Bia (Beer),2020,2020-04-12,36.0,False,bia_2020.csv
bia,Bia (Beer),2020,2020-04-19,42.0,False,bia_2020.csv
bia,Bia (Beer),2020,2020-04-26,52.0,False,bia_2020.csv
bia,Bia (Beer),2020,2020-05-03,57.0,False,bia_2020.csv
bia,Bia (Beer),2020,2020-05-10,56.0,False,bia_2020.csv
bia,Bia (Beer),2020,2020-05-17,54.0,False,bia_2020.csv
bia,Bia (Beer),2020,2020-05-24,53.0,False,bia_2020.csv
bia,Bia (Beer),2020,2020-05-31,54.0,False,bia_2020.csv
bia,Bia (Beer),2020,2020-06-07,54.0,False,bia_2020.csv
bia,Bia (Beer),2020,2020-06-14,48.0,False,bia_2020.csv
bia,Bia (Beer),2020,2020-06-21,52.0,False,bia_2020.csv
bia,Bia (Beer),2020,2020-06-28,49.0,False,bia_2020.csv
bia,Bia (Beer),2020,2020-07-05,50.0,False,bia_2020.csv
bia,Bia (Beer),2020,2020-07-12,49.0,False,bia_2020.csv
bia,Bia (Beer),2020,2020-07-19,50.0,False,bia_2020.csv
bia,Bia (Beer),2020,2020-07-26,41.0,False,bia_2020.csv
bia,Bia (Beer),2020,2020-08-02,35.0,False,bia_2020.csv
bia,Bia (Beer),2020,2020-08-09,40.0,False,bia_2020.csv
bia,Bia (Beer),2020,2020-08-16,35.0,False,bia_2020.csv
bia,Bia (Beer),2020,2020-08-23,42.0,False,bia_2020.csv
bia,Bia (Beer),2020,2020-08-30,47.0,False,bia_2020.csv
bia,Bia (Beer),2020,2020-09-06,40.0,False,bia_2020.csv
bia,Bia (Beer),2020,2020-09-13,40.0,False,bia_2020.csv
bia,Bia (Beer),2020,2020-09-20,42.0,False,bia_2020.csv
bia,Bia (Beer),2020,2020-09-27,43.0,False,bia_2020.csv
bia,Bia (Beer),2020,2020-10-04,41.0,False,bia_2020.csv
bia,Bia (Beer),2020,2020-10-11,35.0,False,bia_2020.csv
bia,Bia (Beer),2020,2020-10-18,37.0,False,bia_2020.csv
bia,Bia (Beer),2020,2020-10-25,39.0,False,bia_2020.csv
bia,Bia (Beer),2020,2020-11-01,38.0,False,bia_2020.csv
bia,Bia (Beer),2020,2020-11-08,43.0,False,bia_2020.csv
bia,Bia (Beer),2020,2020-11-15,52.0,False,bia_2020.csv
bia,Bia (Beer),2020,2020-11-22,50.0,False,bia_2020.csv
bia,Bia (Beer),2020,2020-11-29,50.0,False,bia_2020.csv
bia,Bia (Beer),2020,2020-12-06,49.0,False,bia_2020.csv
bia,Bia (Beer),2020,2020-12-13,48.0,False,bia_2020.csv
bia,Bia (Beer),2020,2020-12-20,50.0,False,bia_2020.csv
bia,Bia (Beer),2020,2020-12-27,57.0,False,bia_2020.csv
bia,Bia (Beer),2021,2020-12-27,53.0,False,bia_2021.csv
bia,Bia (Beer),2021,2021-01-03,49.0,False,bia_2021.csv
bia,Bia (Beer),2021,2021-01-10,48.0,False,bia_2021.csv
bia,Bia (Beer),2021,2021-01-17,57.0,False,bia_2021.csv
bia,Bia (Beer),2021,2021-01-24,63.0,False,bia_2021.csv
bia,Bia (Beer),2021,2021-01-31,75.0,False,bia_2021.csv
bia,Bia (Beer),2021,2021-02-07,100.0,False,bia_2021.csv
bia,Bia (Beer),2021,2021-02-14,69.0,False,bia_2021.csv
bia,Bia (Beer),2021,2021-02-21,47.0,False,bia_2021.csv
bia,Bia (Beer),2021,2021-02-28,41.0,False,bia_2021.csv
bia,Bia (Beer),2021,2021-03-07,40.0,False,bia_2021.csv
bia,Bia (Beer),2021,2021-03-14,40.0,False,bia_2021.csv
bia,Bia (Beer),2021,2021-03-21,40.0,False,bia_2021.csv
bia,Bia (Beer),2021,2021-03-28,42.0,False,bia_2021.csv
bia,Bia (Beer),2021,2021-04-04,42.0,False,bia_2021.csv
bia,Bia (Beer),2021,2021-04-11,43.0,False,bia_2021.csv
bia,Bia (Beer),2021,2021-04-18,48.0,False,bia_2021.csv
bia,Bia (Beer),2021,2021-04-25,44.0,False,bia_2021.csv
bia,Bia (Beer),2021,2021-05-02,43.0,False,bia_2021.csv
bia,Bia (Beer),2021,2021-05-09,43.0,False,bia_2021.csv
bia,Bia (Beer),2021,2021-05-16,43.0,False,bia_2021.csv
bia,Bia (Beer),2021,2021-05-23,38.0,False,bia_2021.csv
bia,Bia (Beer),2021,2021-05-30,40.0,False,bia_2021.csv
bia,Bia (Beer),2021,2021-06-06,36.0,False,bia_2021.csv
bia,Bia (Beer),2021,2021-06-13,38.0,False,bia_2021.csv
bia,Bia (Beer),2021,2021-06-20,47.0,False,bia_2021.csv
bia,Bia (Beer),2021,2021-06-27,40.0,False,bia_2021.csv
bia,Bia (Beer),2021,2021-07-04,34.0,False,bia_2021.csv
bia,Bia (Beer),2021,2021-07-11,36.0,False,bia_2021.csv
bia,Bia (Beer),2021,2021-07-18,34.0,False,bia_2021.csv
bia,Bia (Beer),2021,2021-07-25,31.0,False,bia_2021.csv
bia,Bia (Beer),2021,2021-08-01,37.0,False,bia_2021.csv
bia,Bia (Beer),2021,2021-08-08,41.0,False,bia_2021.csv
bia,Bia (Beer),2021,2021-08-15,35.0,False,bia_2021.csv
bia,Bia (Beer),2021,2021-08-22,32.0,False,bia_2021.csv
bia,Bia (Beer),2021,2021-08-29,34.0,False,bia_2021.csv
bia,Bia (Beer),2021,2021-09-05,42.0,False,bia_2021.csv
bia,Bia (Beer),2021,2021-09-12,34.0,False,bia_2021.csv
bia,Bia (Beer),2021,2021-09-19,40.0,False,bia_2021.csv
bia,Bia (Beer),2021,2021-09-26,32.0,False,bia_2021.csv
bia,Bia (Beer),2021,2021-10-03,34.0,False,bia_2021.csv
bia,Bia (Beer),2021,2021-10-10,35.0,False,bia_2021.csv
bia,Bia (Beer),2021,2021-10-17,32.0,False,bia_2021.csv
bia,Bia (Beer),2021,2021-10-24,32.0,False,bia_2021.csv
bia,Bia (Beer),2021,2021-10-31,32.0,False,bia_2021.csv
bia,Bia (Beer),2021,2021-11-07,32.0,False,bia_2021.csv
bia,Bia (Beer),2021,2021-11-14,34.0,False,bia_2021.csv
bia,Bia (Beer),2021,2021-11-21,32.0,False,bia_2021.csv
bia,Bia (Beer),2021,2021-11-28,30.0,False,bia_2021.csv
bia,Bia (Beer),2021,2021-12-05,32.0,False,bia_2021.csv
bia,Bia (Beer),2021,2021-12-12,35.0,False,bia_2021.csv
bia,Bia (Beer),2021,2021-12-19,38.0,False,bia_2021.csv
bia,Bia (Beer),2021,2021-12-26,46.0,False,bia_2021.csv
bia,Bia (Beer),2022,2021-12-26,49.0,False,bia_2022.csv
bia,Bia (Beer),2022,2022-01-02,57.0,False,bia_2022.csv
bia,Bia (Beer),2022,2022-01-09,60.0,False,bia_2022.csv
bia,Bia (Beer),2022,2022-01-16,69.0,False,bia_2022.csv
bia,Bia (Beer),2022,2022-01-23,96.0,False,bia_2022.csv
bia,Bia (Beer),2022,2022-01-30,100.0,False,bia_2022.csv
bia,Bia (Beer),2022,2022-02-06,56.0,False,bia_2022.csv
bia,Bia (Beer),2022,2022-02-13,46.0,False,bia_2022.csv
bia,Bia (Beer),2022,2022-02-20,41.0,False,bia_2022.csv
bia,Bia (Beer),2022,2022-02-27,42.0,False,bia_2022.csv
bia,Bia (Beer),2022,2022-03-06,42.0,False,bia_2022.csv
bia,Bia (Beer),2022,2022-03-13,43.0,False,bia_2022.csv
bia,Bia (Beer),2022,2022-03-20,44.0,False,bia_2022.csv
bia,Bia (Beer),2022,2022-03-27,44.0,False,bia_2022.csv
bia,Bia (Beer),2022,2022-04-03,49.0,False,bia_2022.csv
bia,Bia (Beer),2022,2022-04-10,53.0,False,bia_2022.csv
bia,Bia (Beer),2022,2022-04-17,52.0,False,bia_2022.csv
bia,Bia (Beer),2022,2022-04-24,57.0,False,bia_2022.csv
bia,Bia (Beer),2022,2022-05-01,49.0,False,bia_2022.csv
bia,Bia (Beer),2022,2022-05-08,51.0,False,bia_2022.csv
bia,Bia (Beer),2022,2022-05-15,53.0,False,bia_2022.csv
bia,Bia (Beer),2022,2022-05-22,52.0,False,bia_2022.csv
bia,Bia (Beer),2022,2022-05-29,55.0,False,bia_2022.csv
bia,Bia (Beer),2022,2022-06-05,53.0,False,bia_2022.csv
bia,Bia (Beer),2022,2022-06-12,51.0,False,bia_2022.csv
bia,Bia (Beer),2022,2022-06-19,62.0,False,bia_2022.csv
bia,Bia (Beer),2022,2022-06-26,59.0,False,bia_2022.csv
bia,Bia (Beer),2022,2022-07-03,54.0,False,bia_2022.csv
bia,Bia (Beer),2022,2022-07-10,52.0,False,bia_2022.csv
bia,Bia (Beer),2022,2022-07-17,51.0,False,bia_2022.csv
bia,Bia (Beer),2022,2022-07-24,52.0,False,bia_2022.csv
bia,Bia (Beer),2022,2022-07-31,49.0,False,bia_2022.csv
bia,Bia (Beer),2022,2022-08-07,48.0,False,bia_2022.csv
bia,Bia (Beer),2022,2022-08-14,50.0,False,bia_2022.csv
bia,Bia (Beer),2022,2022-08-21,50.0,False,bia_2022.csv
bia,Bia (Beer),2022,2022-08-28,56.0,False,bia_2022.csv
bia,Bia (Beer),2022,2022-09-04,51.0,False,bia_2022.csv
bia,Bia (Beer),2022,2022-09-11,47.0,False,bia_2022.csv
bia,Bia (Beer),2022,2022-09-18,48.0,False,bia_2022.csv
bia,Bia (Beer),2022,2022-09-25,45.0,False,bia_2022.csv
bia,Bia (Beer),2022,2022-10-02,49.0,False,bia_2022.csv
bia,Bia (Beer),2022,2022-10-09,43.0,False,bia_2022.csv
bia,Bia (Beer),2022,2022-10-16,46.0,False,bia_2022.csv
bia,Bia (Beer),2022,2022-10-23,49.0,False,bia_2022.csv
bia,Bia (Beer),2022,2022-10-30,54.0,False,bia_2022.csv
bia,Bia (Beer),2022,2022-11-06,58.0,False,bia_2022.csv
bia,Bia (Beer),2022,2022-11-13,61.0,False,bia_2022.csv
bia,Bia (Beer),2022,2022-11-20,49.0,False,bia_2022.csv
bia,Bia (Beer),2022,2022-11-27,50.0,False,bia_2022.csv
bia,Bia (Beer),2022,2022-12-04,50.0,False,bia_2022.csv
bia,Bia (Beer),2022,2022-12-11,58.0,False,bia_2022.csv
bia,Bia (Beer),2022,2022-12-18,63.0,False,bia_2022.csv
bia,Bia (Beer),2022,2022-12-25,69.0,False,bia_2022.csv
bia,Bia (Beer),2023,2023-01-01,58.0,False,bia_2023.csv
bia,Bia (Beer),2023,2023-01-08,75.0,False,bia_2023.csv
bia,Bia (Beer),2023,2023-01-15,100.0,False,bia_2023.csv
bia,Bia (Beer),2023,2023-01-22,84.0,False,bia_2023.csv
bia,Bia (Beer),2023,2023-01-29,49.0,False,bia_2023.csv
bia,Bia (Beer),2023,2023-02-05,41.0,False,bia_2023.csv
bia,Bia (Beer),2023,2023-02-12,39.0,False,bia_2023.csv
bia,Bia (Beer),2023,2023-02-19,38.0,False,bia_2023.csv
bia,Bia (Beer),2023,2023-02-26,36.0,False,bia_2023.csv
bia,Bia (Beer),2023,2023-03-05,36.0,False,bia_2023.csv
bia,Bia (Beer),2023,2023-03-12,39.0,False,bia_2023.csv
bia,Bia (Beer),2023,2023-03-19,41.0,False,bia_2023.csv
bia,Bia (Beer),2023,2023-03-26,37.0,False,bia_2023.csv
bia,Bia (Beer),2023,2023-04-02,41.0,False,bia_2023.csv
bia,Bia (Beer),2023,2023-04-09,39.0,False,bia_2023.csv
bia,Bia (Beer),2023,2023-04-16,39.0,False,bia_2023.csv
bia,Bia (Beer),2023,2023-04-23,43.0,False,bia_2023.csv
bia,Bia (Beer),2023,2023-04-30,48.0,False,bia_2023.csv
bia,Bia (Beer),2023,2023-05-07,41.0,False,bia_2023.csv
bia,Bia (Beer),2023,2023-05-14,47.0,False,bia_2023.csv
bia,Bia (Beer),2023,2023-05-21,48.0,False,bia_2023.csv
bia,Bia (Beer),2023,2023-05-28,46.0,False,bia_2023.csv
bia,Bia (Beer),2023,2023-06-04,46.0,False,bia_2023.csv
bia,Bia (Beer),2023,2023-06-11,45.0,False,bia_2023.csv
bia,Bia (Beer),2023,2023-06-18,46.0,False,bia_2023.csv
bia,Bia (Beer),2023,2023-06-25,46.0,False,bia_2023.csv
bia,Bia (Beer),2023,2023-07-02,46.0,False,bia_2023.csv
bia,Bia (Beer),2023,2023-07-09,46.0,False,bia_2023.csv
bia,Bia (Beer),2023,2023-07-16,43.0,False,bia_2023.csv
bia,Bia (Beer),2023,2023-07-23,43.0,False,bia_2023.csv
bia,Bia (Beer),2023,2023-07-30,39.0,False,bia_2023.csv
bia,Bia (Beer),2023,2023-08-06,40.0,False,bia_2023.csv
bia,Bia (Beer),2023,2023-08-13,39.0,False,bia_2023.csv
bia,Bia (Beer),2023,2023-08-20,38.0,False,bia_2023.csv
bia,Bia (Beer),2023,2023-08-27,47.0,False,bia_2023.csv
bia,Bia (Beer),2023,2023-09-03,41.0,False,bia_2023.csv
bia,Bia (Beer),2023,2023-09-10,35.0,False,bia_2023.csv
bia,Bia (Beer),2023,2023-09-17,36.0,False,bia_2023.csv
bia,Bia (Beer),2023,2023-09-24,37.0,False,bia_2023.csv
bia,Bia (Beer),2023,2023-10-01,36.0,False,bia_2023.csv
bia,Bia (Beer),2023,2023-10-08,37.0,False,bia_2023.csv
bia,Bia (Beer),2023,2023-10-15,36.0,False,bia_2023.csv
bia,Bia (Beer),2023,2023-10-22,37.0,False,bia_2023.csv
bia,Bia (Beer),2023,2023-10-29,34.0,False,bia_2023.csv
bia,Bia (Beer),2023,2023-11-05,39.0,False,bia_2023.csv
bia,Bia (Beer),2023,2023-11-12,40.0,False,bia_2023.csv
bia,Bia (Beer),2023,2023-11-19,36.0,False,bia_2023.csv
bia,Bia (Beer),2023,2023-11-26,38.0,False,bia_2023.csv
bia,Bia (Beer),2023,2023-12-03,36.0,False,bia_2023.csv
bia,Bia (Beer),2023,2023-12-10,39.0,False,bia_2023.csv
bia,Bia (Beer),2023,2023-12-17,38.0,False,bia_2023.csv
bia,Bia (Beer),2023,2023-12-24,41.0,False,bia_2023.csv
bia,Bia (Beer),2023,2023-12-31,47.0,False,bia_2023.csv
bia,Bia (Beer),2024,2023-12-31,51.0,False,bia_2024.csv
bia,Bia (Beer),2024,2024-01-07,48.0,False,bia_2024.csv
bia,Bia (Beer),2024,2024-01-14,52.0,False,bia_2024.csv
bia,Bia (Beer),2024,2024-01-21,59.0,False,bia_2024.csv
bia,Bia (Beer),2024,2024-01-28,80.0,False,bia_2024.csv
bia,Bia (Beer),2024,2024-02-04,100.0,False,bia_2024.csv
bia,Bia (Beer),2024,2024-02-11,75.0,False,bia_2024.csv
bia,Bia (Beer),2024,2024-02-18,50.0,False,bia_2024.csv
bia,Bia (Beer),2024,2024-02-25,43.0,False,bia_2024.csv
bia,Bia (Beer),2024,2024-03-03,43.0,False,bia_2024.csv
bia,Bia (Beer),2024,2024-03-10,42.0,False,bia_2024.csv
bia,Bia (Beer),2024,2024-03-17,43.0,False,bia_2024.csv
bia,Bia (Beer),2024,2024-03-24,43.0,False,bia_2024.csv
bia,Bia (Beer),2024,2024-03-31,49.0,False,bia_2024.csv
bia,Bia (Beer),2024,2024-04-07,47.0,False,bia_2024.csv
bia,Bia (Beer),2024,2024-04-14,50.0,False,bia_2024.csv
bia,Bia (Beer),2024,2024-04-21,52.0,False,bia_2024.csv
bia,Bia (Beer),2024,2024-04-28,59.0,False,bia_2024.csv
bia,Bia (Beer),2024,2024-05-05,51.0,False,bia_2024.csv
bia,Bia (Beer),2024,2024-05-12,49.0,False,bia_2024.csv
bia,Bia (Beer),2024,2024-05-19,47.0,False,bia_2024.csv
bia,Bia (Beer),2024,2024-05-26,49.0,False,bia_2024.csv
bia,Bia (Beer),2024,2024-06-02,48.0,False,bia_2024.csv
bia,Bia (Beer),2024,2024-06-09,51.0,False,bia_2024.csv
bia,Bia (Beer),2024,2024-06-16,45.0,False,bia_2024.csv
bia,Bia (Beer),2024,2024-06-23,46.0,False,bia_2024.csv
bia,Bia (Beer),2024,2024-06-30,46.0,False,bia_2024.csv
bia,Bia (Beer),2024,2024-07-07,49.0,False,bia_2024.csv
bia,Bia (Beer),2024,2024-07-14,43.0,False,bia_2024.csv
bia,Bia (Beer),2024,2024-07-21,43.0,False,bia_2024.csv
bia,Bia (Beer),2024,2024-07-28,41.0,False,bia_2024.csv
bia,Bia (Beer),2024,2024-08-04,48.0,False,bia_2024.csv
bia,Bia (Beer),2024,2024-08-11,46.0,False,bia_2024.csv
bia,Bia (Beer),2024,2024-08-18,46.0,False,bia_2024.csv
bia,Bia (Beer),2024,2024-08-25,48.0,False,bia_2024.csv
bia,Bia (Beer),2024,2024-09-01,49.0,False,bia_2024.csv
bia,Bia (Beer),2024,2024-09-08,39.0,False,bia_2024.csv
bia,Bia (Beer),2024,2024-09-15,44.0,False,bia_2024.csv
bia,Bia (Beer),2024,2024-09-22,44.0,False,bia_2024.csv
bia,Bia (Beer),2024,2024-09-29,44.0,False,bia_2024.csv
bia,Bia (Beer),2024,2024-10-06,45.0,False,bia_2024.csv
bia,Bia (Beer),2024,2024-10-13,46.0,False,bia_2024.csv
bia,Bia (Beer),2024,2024-10-20,45.0,False,bia_2024.csv
bia,Bia (Beer),2024,2024-10-27,42.0,False,bia_2024.csv
bia,Bia (Beer),2024,2024-11-03,42.0,False,bia_2024.csv
bia,Bia (Beer),2024,2024-11-10,48.0,False,bia_2024.csv
bia,Bia (Beer),2024,2024-11-17,51.0,False,bia_2024.csv
bia,Bia (Beer),2024,2024-11-24,46.0,False,bia_2024.csv
bia,Bia (Beer),2024,2024-12-01,45.0,False,bia_2024.csv
bia,Bia (Beer),2024,2024-12-08,44.0,False,bia_2024.csv
bia,Bia (Beer),2024,2024-12-15,43.0,False,bia_2024.csv
bia,Bia (Beer),2024,2024-12-22,49.0,False,bia_2024.csv
bia,Bia (Beer),2024,2024-12-29,57.0,False,bia_2024.csv
bia,Bia (Beer),2025,2024-12-29,60.0,False,bia_2025.csv
bia,Bia (Beer),2025,2025-01-05,58.0,False,bia_2025.csv
bia,Bia (Beer),2025,2025-01-12,72.0,False,bia_2025.csv
bia,Bia (Beer),2025,2025-01-19,93.0,False,bia_2025.csv
bia,Bia (Beer),2025,2025-01-26,100.0,False,bia_2025.csv
bia,Bia (Beer),2025,2025-02-02,57.0,False,bia_2025.csv
bia,Bia (Beer),2025,2025-02-09,41.0,False,bia_2025.csv
bia,Bia (Beer),2025,2025-02-16,39.0,False,bia_2025.csv
bia,Bia (Beer),2025,2025-02-23,36.0,False,bia_2025.csv
bia,Bia (Beer),2025,2025-03-02,37.0,False,bia_2025.csv
bia,Bia (Beer),2025,2025-03-09,34.0,False,bia_2025.csv
bia,Bia (Beer),2025,2025-03-16,39.0,False,bia_2025.csv
bia,Bia (Beer),2025,2025-03-23,39.0,False,bia_2025.csv
bia,Bia (Beer),2025,2025-03-30,39.0,False,bia_2025.csv
bia,Bia (Beer),2025,2025-04-06,42.0,False,bia_2025.csv
bia,Bia (Beer),2025,2025-04-13,49.0,False,bia_2025.csv
bia,Bia (Beer),2025,2025-04-20,44.0,False,bia_2025.csv
bia,Bia (Beer),2025,2025-04-27,49.0,False,bia_2025.csv
bia,Bia (Beer),2025,2025-05-04,47.0,False,bia_2025.csv
bia,Bia (Beer),2025,2025-05-11,47.0,False,bia_2025.csv
bia,Bia (Beer),2025,2025-05-18,41.0,False,bia_2025.csv
bia,Bia (Beer),2025,2025-05-25,41.0,False,bia_2025.csv
bia,Bia (Beer),2025,2025-06-01,45.0,False,bia_2025.csv
bia,Bia (Beer),2025,2025-06-08,41.0,False,bia_2025.csv
bia,Bia (Beer),2025,2025-06-15,42.0,False,bia_2025.csv
bia,Bia (Beer),2025,2025-06-22,40.0,False,bia_2025.csv
bia,Bia (Beer),2025,2025-06-29,42.0,False,bia_2025.csv
bia,Bia (Beer),2025,2025-07-06,52.0,False,bia_2025.csv
bia,Bia (Beer),2025,2025-07-13,50.0,False,bia_2025.csv
bia,Bia (Beer),2025,2025-07-20,48.0,False,bia_2025.csv
bia,Bia (Beer),2025,2025-07-27,52.0,False,bia_2025.csv
bia,Bia (Beer),2025,2025-08-03,56.0,False,bia_2025.csv
bia,Bia (Beer),2025,2025-08-10,46.0,False,bia_2025.csv
bia,Bia (Beer),2025,2025-08-17,43.0,False,bia_2025.csv
bia,Bia (Beer),2025,2025-08-24,39.0,False,bia_2025.csv
bia,Bia (Beer),2025,2025-08-31,52.0,False,bia_2025.csv
bia,Bia (Beer),2025,2025-09-07,42.0,False,bia_2025.csv
bia,Bia (Beer),2025,2025-09-14,46.0,False,bia_2025.csv
bia,Bia (Beer),2025,2025-09-21,43.0,False,bia_2025.csv
bia,Bia (Beer),2025,2025-09-28,43.0,False,bia_2025.csv
bia,Bia (Beer),2025,2025-10-05,43.0,False,bia_2025.csv
bia,Bia (Beer),2025,2025-10-12,46.0,False,bia_2025.csv
bia,Bia (Beer),2025,2025-10-19,44.0,False,bia_2025.csv
bia,Bia (Beer),2025,2025-10-26,42.0,False,bia_2025.csv
bia,Bia (Beer),2025,2025-11-02,40.0,False,bia_2025.csv
bia,Bia (Beer),2025,2025-11-09,45.0,False,bia_2025.csv
bia,Bia (Beer),2025,2025-11-16,43.0,False,bia_2025.csv
bia,Bia (Beer),2025,2025-11-23,39.0,False,bia_2025.csv
bia,Bia (Beer),2025,2025-11-30,46.0,False,bia_2025.csv
bia,Bia (Beer),2025,2025-12-07,42.0,False,bia_2025.csv
bia,Bia (Beer),2025,2025-12-14,47.0,False,bia_2025.csv
bia,Bia (Beer),2025,2025-12-21,52.0,False,bia_2025.csv
bia,Bia (Beer),2025,2025-12-28,58.0,False,bia_2025.csv
dau_an,Dầu ăn (Cooking oil),2020,2019-12-29,55.0,False,dau_an_2020.csv
dau_an,Dầu ăn (Cooking oil),2020,2020-01-05,64.0,False,dau_an_2020.csv
dau_an,Dầu ăn (Cooking oil),2020,2020-01-12,58.0,False,dau_an_2020.csv
dau_an,Dầu ăn (Cooking oil),2020,2020-01-19,40.0,False,dau_an_2020.csv
dau_an,Dầu ăn (Cooking oil),2020,2020-01-26,36.0,False,dau_an_2020.csv
dau_an,Dầu ăn (Cooking oil),2020,2020-02-02,50.0,False,dau_an_2020.csv
dau_an,Dầu ăn (Cooking oil),2020,2020-02-09,53.0,False,dau_an_2020.csv
dau_an,Dầu ăn (Cooking oil),2020,2020-02-16,56.0,False,dau_an_2020.csv
dau_an,Dầu ăn (Cooking oil),2020,2020-02-23,51.0,False,dau_an_2020.csv
dau_an,Dầu ăn (Cooking oil),2020,2020-03-01,57.0,False,dau_an_2020.csv
dau_an,Dầu ăn (Cooking oil),2020,2020-03-08,52.0,False,dau_an_2020.csv
dau_an,Dầu ăn (Cooking oil),2020,2020-03-15,55.0,False,dau_an_2020.csv
dau_an,Dầu ăn (Cooking oil),2020,2020-03-22,64.0,False,dau_an_2020.csv
dau_an,Dầu ăn (Cooking oil),2020,2020-03-29,67.0,False,dau_an_2020.csv
dau_an,Dầu ăn (Cooking oil),2020,2020-04-05,92.0,False,dau_an_2020.csv
dau_an,Dầu ăn (Cooking oil),2020,2020-04-12,95.0,False,dau_an_2020.csv
dau_an,Dầu ăn (Cooking oil),2020,2020-04-19,100.0,False,dau_an_2020.csv
dau_an,Dầu ăn (Cooking oil),2020,2020-04-26,83.0,False,dau_an_2020.csv
dau_an,Dầu ăn (Cooking oil),2020,2020-05-03,70.0,False,dau_an_2020.csv
dau_an,Dầu ăn (Cooking oil),2020,2020-05-10,67.0,False,dau_an_2020.csv
dau_an,Dầu ăn (Cooking oil),2020,2020-05-17,64.0,False,dau_an_2020.csv
dau_an,Dầu ăn (Cooking oil),2020,2020-05-24,66.0,False,dau_an_2020.csv
dau_an,Dầu ăn (Cooking oil),2020,2020-05-31,64.0,False,dau_an_2020.csv
dau_an,Dầu ăn (Cooking oil),2020,2020-06-07,63.0,False,dau_an_2020.csv
dau_an,Dầu ăn (Cooking oil),2020,2020-06-14,65.0,False,dau_an_2020.csv
dau_an,Dầu ăn (Cooking oil),2020,2020-06-21,66.0,False,dau_an_2020.csv
dau_an,Dầu ăn (Cooking oil),2020,2020-06-28,58.0,False,dau_an_2020.csv
dau_an,Dầu ăn (Cooking oil),2020,2020-07-05,60.0,False,dau_an_2020.csv
dau_an,Dầu ăn (Cooking oil),2020,2020-07-12,59.0,False,dau_an_2020.csv
dau_an,Dầu ăn (Cooking oil),2020,2020-07-19,59.0,False,dau_an_2020.csv
dau_an,Dầu ăn (Cooking oil),2020,2020-07-26,58.0,False,dau_an_2020.csv
dau_an,Dầu ăn (Cooking oil),2020,2020-08-02,58.0,False,dau_an_2020.csv
dau_an,Dầu ăn (Cooking oil),2020,2020-08-09,62.0,False,dau_an_2020.csv
dau_an,Dầu ăn (Cooking oil),2020,2020-08-16,61.0,False,dau_an_2020.csv
dau_an,Dầu ăn (Cooking oil),2020,2020-08-23,65.0,False,dau_an_2020.csv
dau_an,Dầu ăn (Cooking oil),2020,2020-08-30,61.0,False,dau_an_2020.csv
dau_an,Dầu ăn (Cooking oil),2020,2020-09-06,57.0,False,dau_an_2020.csv
dau_an,Dầu ăn (Cooking oil),2020,2020-09-13,63.0,False,dau_an_2020.csv
dau_an,Dầu ăn (Cooking oil),2020,2020-09-20,59.0,False,dau_an_2020.csv
dau_an,Dầu ăn (Cooking oil),2020,2020-09-27,53.0,False,dau_an_2020.csv
dau_an,Dầu ăn (Cooking oil),2020,2020-10-04,59.0,False,dau_an_2020.csv
dau_an,Dầu ăn (Cooking oil),2020,2020-10-11,62.0,False,dau_an_2020.csv
dau_an,Dầu ăn (Cooking oil),2020,2020-10-18,55.0,False,dau_an_2020.csv
dau_an,Dầu ăn (Cooking oil),2020,2020-10-25,59.0,False,dau_an_2020.csv
dau_an,Dầu ăn (Cooking oil),2020,2020-11-01,61.0,False,dau_an_2020.csv
dau_an,Dầu ăn (Cooking oil),2020,2020-11-08,64.0,False,dau_an_2020.csv
dau_an,Dầu ăn (Cooking oil),2020,2020-11-15,64.0,False,dau_an_2020.csv
dau_an,Dầu ăn (Cooking oil),2020,2020-11-22,62.0,False,dau_an_2020.csv
dau_an,Dầu ăn (Cooking oil),2020,2020-11-29,62.0,False,dau_an_2020.csv
dau_an,Dầu ăn (Cooking oil),2020,2020-12-06,65.0,False,dau_an_2020.csv
dau_an,Dầu ăn (Cooking oil),2020,2020-12-13,68.0,False,dau_an_2020.csv
dau_an,Dầu ăn (Cooking oil),2020,2020-12-20,61.0,False,dau_an_2020.csv
dau_an,Dầu ăn (Cooking oil),2020,2020-12-27,64.0,False,dau_an_2020.csv
dau_an,Dầu ăn (Cooking oil),2021,2020-12-27,57.0,False,dau_an_2021.csv
dau_an,Dầu ăn (Cooking oil),2021,2021-01-03,65.0,False,dau_an_2021.csv
dau_an,Dầu ăn (Cooking oil),2021,2021-01-10,71.0,False,dau_an_2021.csv
dau_an,Dầu ăn (Cooking oil),2021,2021-01-17,62.0,False,dau_an_2021.csv
dau_an,Dầu ăn (Cooking oil),2021,2021-01-24,62.0,False,dau_an_2021.csv
dau_an,Dầu ăn (Cooking oil),2021,2021-01-31,61.0,False,dau_an_2021.csv
dau_an,Dầu ăn (Cooking oil),2021,2021-02-07,49.0,False,dau_an_2021.csv
dau_an,Dầu ăn (Cooking oil),2021,2021-02-14,44.0,False,dau_an_2021.csv
dau_an,Dầu ăn (Cooking oil),2021,2021-02-21,57.0,False,dau_an_2021.csv
dau_an,Dầu ăn (Cooking oil),2021,2021-02-28,53.0,False,dau_an_2021.csv
dau_an,Dầu ăn (Cooking oil),2021,2021-03-07,57.0,False,dau_an_2021.csv
dau_an,Dầu ăn (Cooking oil),2021,2021-03-14,55.0,False,dau_an_2021.csv
dau_an,Dầu ăn (Cooking oil),2021,2021-03-21,57.0,False,dau_an_2021.csv
dau_an,Dầu ăn (Cooking oil),2021,2021-03-28,56.0,False,dau_an_2021.csv
dau_an,Dầu ăn (Cooking oil),2021,2021-04-04,52.0,False,dau_an_2021.csv
dau_an,Dầu ăn (Cooking oil),2021,2021-04-11,56.0,False,dau_an_2021.csv
dau_an,Dầu ăn (Cooking oil),2021,2021-04-18,55.0,False,dau_an_2021.csv
dau_an,Dầu ăn (Cooking oil),2021,2021-04-25,51.0,False,dau_an_2021.csv
dau_an,Dầu ăn (Cooking oil),2021,2021-05-02,56.0,False,dau_an_2021.csv
dau_an,Dầu ăn (Cooking oil),2021,2021-05-09,55.0,False,dau_an_2021.csv
dau_an,Dầu ăn (Cooking oil),2021,2021-05-16,58.0,False,dau_an_2021.csv
dau_an,Dầu ăn (Cooking oil),2021,2021-05-23,62.0,False,dau_an_2021.csv
dau_an,Dầu ăn (Cooking oil),2021,2021-05-30,54.0,False,dau_an_2021.csv
dau_an,Dầu ăn (Cooking oil),2021,2021-06-06,57.0,False,dau_an_2021.csv
dau_an,Dầu ăn (Cooking oil),2021,2021-06-13,63.0,False,dau_an_2021.csv
dau_an,Dầu ăn (Cooking oil),2021,2021-06-20,58.0,False,dau_an_2021.csv
dau_an,Dầu ăn (Cooking oil),2021,2021-06-27,62.0,False,dau_an_2021.csv
dau_an,Dầu ăn (Cooking oil),2021,2021-07-04,60.0,False,dau_an_2021.csv
dau_an,Dầu ăn (Cooking oil),2021,2021-07-11,79.0,False,dau_an_2021.csv
dau_an,Dầu ăn (Cooking oil),2021,2021-07-18,76.0,False,dau_an_2021.csv
dau_an,Dầu ăn (Cooking oil),2021,2021-07-25,77.0,False,dau_an_2021.csv
dau_an,Dầu ăn (Cooking oil),2021,2021-08-01,88.0,False,dau_an_2021.csv
dau_an,Dầu ăn (Cooking oil),2021,2021-08-08,89.0,False,dau_an_2021.csv
dau_an,Dầu ăn (Cooking oil),2021,2021-08-15,92.0,False,dau_an_2021.csv
dau_an,Dầu ăn (Cooking oil),2021,2021-08-22,88.0,False,dau_an_2021.csv
dau_an,Dầu ăn (Cooking oil),2021,2021-08-29,100.0,False,dau_an_2021.csv
dau_an,Dầu ăn (Cooking oil),2021,2021-09-05,87.0,False,dau_an_2021.csv
dau_an,Dầu ăn (Cooking oil),2021,2021-09-12,89.0,False,dau_an_2021.csv
dau_an,Dầu ăn (Cooking oil),2021,2021-09-19,82.0,False,dau_an_2021.csv
dau_an,Dầu ăn (Cooking oil),2021,2021-09-26,81.0,False,dau_an_2021.csv
dau_an,Dầu ăn (Cooking oil),2021,2021-10-03,76.0,False,dau_an_2021.csv
dau_an,Dầu ăn (Cooking oil),2021,2021-10-10,74.0,False,dau_an_2021.csv
dau_an,Dầu ăn (Cooking oil),2021,2021-10-17,75.0,False,dau_an_2021.csv
dau_an,Dầu ăn (Cooking oil),2021,2021-10-24,72.0,False,dau_an_2021.csv
dau_an,Dầu ăn (Cooking oil),2021,2021-10-31,77.0,False,dau_an_2021.csv
dau_an,Dầu ăn (Cooking oil),2021,2021-11-07,79.0,False,dau_an_2021.csv
dau_an,Dầu ăn (Cooking oil),2021,2021-11-14,80.0,False,dau_an_2021.csv
dau_an,Dầu ăn (Cooking oil),2021,2021-11-21,80.0,False,dau_an_2021.csv
dau_an,Dầu ăn (Cooking oil),2021,2021-11-28,77.0,False,dau_an_2021.csv
dau_an,Dầu ăn (Cooking oil),2021,2021-12-05,71.0,False,dau_an_2021.csv
dau_an,Dầu ăn (Cooking oil),2021,2021-12-12,83.0,False,dau_an_2021.csv
dau_an,Dầu ăn (Cooking oil),2021,2021-12-19,79.0,False,dau_an_2021.csv
dau_an,Dầu ăn (Cooking oil),2021,2021-12-26,87.0,False,dau_an_2021.csv
dau_an,Dầu ăn (Cooking oil),2022,2021-12-26,90.0,False,dau_an_2022.csv
dau_an,Dầu ăn (Cooking oil),2022,2022-01-02,96.0,False,dau_an_2022.csv
dau_an,Dầu ăn (Cooking oil),2022,2022-01-09,88.0,False,dau_an_2022.csv
dau_an,Dầu ăn (Cooking oil),2022,2022-01-16,81.0,False,dau_an_2022.csv
dau_an,Dầu ăn (Cooking oil),2022,2022-01-23,69.0,False,dau_an_2022.csv
dau_an,Dầu ăn (Cooking oil),2022,2022-01-30,51.0,False,dau_an_2022.csv
dau_an,Dầu ăn (Cooking oil),2022,2022-02-06,67.0,False,dau_an_2022.csv
dau_an,Dầu ăn (Cooking oil),2022,2022-02-13,72.0,False,dau_an_2022.csv
dau_an,Dầu ăn (Cooking oil),2022,2022-02-20,70.0,False,dau_an_2022.csv
dau_an,Dầu ăn (Cooking oil),2022,2022-02-27,80.0,False,dau_an_2022.csv
dau_an,Dầu ăn (Cooking oil),2022,2022-03-06,88.0,False,dau_an_2022.csv
dau_an,Dầu ăn (Cooking oil),2022,2022-03-13,96.0,False,dau_an_2022.csv
dau_an,Dầu ăn (Cooking oil),2022,2022-03-20,87.0,False,dau_an_2022.csv
dau_an,Dầu ăn (Cooking oil),2022,2022-03-27,85.0,False,dau_an_2022.csv
dau_an,Dầu ăn (Cooking oil),2022,2022-04-03,83.0,False,dau_an_2022.csv
dau_an,Dầu ăn (Cooking oil),2022,2022-04-10,86.0,False,dau_an_2022.csv
dau_an,Dầu ăn (Cooking oil),2022,2022-04-17,91.0,False,dau_an_2022.csv
dau_an,Dầu ăn (Cooking oil),2022,2022-04-24,100.0,False,dau_an_2022.csv
dau_an,Dầu ăn (Cooking oil),2022,2022-05-01,89.0,False,dau_an_2022.csv
dau_an,Dầu ăn (Cooking oil),2022,2022-05-08,78.0,False,dau_an_2022.csv
dau_an,Dầu ăn (Cooking oil),2022,2022-05-15,79.0,False,dau_an_2022.csv
dau_an,Dầu ăn (Cooking oil),2022,2022-05-22,76.0,False,dau_an_2022.csv
dau_an,Dầu ăn (Cooking oil),2022,2022-05-29,74.0,False,dau_an_2022.csv
dau_an,Dầu ăn (Cooking oil),2022,2022-06-05,73.0,False,dau_an_2022.csv
dau_an,Dầu ăn (Cooking oil),2022,2022-06-12,69.0,False,dau_an_2022.csv
dau_an,Dầu ăn (Cooking oil),2022,2022-06-19,73.0,False,dau_an_2022.csv
dau_an,Dầu ăn (Cooking oil),2022,2022-06-26,71.0,False,dau_an_2022.csv
dau_an,Dầu ăn (Cooking oil),2022,2022-07-03,68.0,False,dau_an_2022.csv
dau_an,Dầu ăn (Cooking oil),2022,2022-07-10,73.0,False,dau_an_2022.csv
dau_an,Dầu ăn (Cooking oil),2022,2022-07-17,71.0,False,dau_an_2022.csv
dau_an,Dầu ăn (Cooking oil),2022,2022-07-24,71.0,False,dau_an_2022.csv
dau_an,Dầu ăn (Cooking oil),2022,2022-07-31,69.0,False,dau_an_2022.csv
dau_an,Dầu ăn (Cooking oil),2022,2022-08-07,73.0,False,dau_an_2022.csv
dau_an,Dầu ăn (Cooking oil),2022,2022-08-14,68.0,False,dau_an_2022.csv
dau_an,Dầu ăn (Cooking oil),2022,2022-08-21,70.0,False,dau_an_2022.csv
dau_an,Dầu ăn (Cooking oil),2022,2022-08-28,62.0,False,dau_an_2022.csv
dau_an,Dầu ăn (Cooking oil),2022,2022-09-04,65.0,False,dau_an_2022.csv
dau_an,Dầu ăn (Cooking oil),2022,2022-09-11,77.0,False,dau_an_2022.csv
dau_an,Dầu ăn (Cooking oil),2022,2022-09-18,70.0,False,dau_an_2022.csv
dau_an,Dầu ăn (Cooking oil),2022,2022-09-25,69.0,False,dau_an_2022.csv
dau_an,Dầu ăn (Cooking oil),2022,2022-10-02,71.0,False,dau_an_2022.csv
dau_an,Dầu ăn (Cooking oil),2022,2022-10-09,74.0,False,dau_an_2022.csv
dau_an,Dầu ăn (Cooking oil),2022,2022-10-16,72.0,False,dau_an_2022.csv
dau_an,Dầu ăn (Cooking oil),2022,2022-10-23,77.0,False,dau_an_2022.csv
dau_an,Dầu ăn (Cooking oil),2022,2022-10-30,84.0,False,dau_an_2022.csv
dau_an,Dầu ăn (Cooking oil),2022,2022-11-06,82.0,False,dau_an_2022.csv
dau_an,Dầu ăn (Cooking oil),2022,2022-11-13,82.0,False,dau_an_2022.csv
dau_an,Dầu ăn (Cooking oil),2022,2022-11-20,60.0,False,dau_an_2022.csv
dau_an,Dầu ăn (Cooking oil),2022,2022-11-27,60.0,False,dau_an_2022.csv
dau_an,Dầu ăn (Cooking oil),2022,2022-12-04,63.0,False,dau_an_2022.csv
dau_an,Dầu ăn (Cooking oil),2022,2022-12-11,74.0,False,dau_an_2022.csv
dau_an,Dầu ăn (Cooking oil),2022,2022-12-18,78.0,False,dau_an_2022.csv
dau_an,Dầu ăn (Cooking oil),2022,2022-12-25,81.0,False,dau_an_2022.csv
dau_an,Dầu ăn (Cooking oil),2023,2023-01-01,92.0,False,dau_an_2023.csv
dau_an,Dầu ăn (Cooking oil),2023,2023-01-08,90.0,False,dau_an_2023.csv
dau_an,Dầu ăn (Cooking oil),2023,2023-01-15,73.0,False,dau_an_2023.csv
dau_an,Dầu ăn (Cooking oil),2023,2023-01-22,57.0,False,dau_an_2023.csv
dau_an,Dầu ăn (Cooking oil),2023,2023-01-29,72.0,False,dau_an_2023.csv
dau_an,Dầu ăn (Cooking oil),2023,2023-02-05,81.0,False,dau_an_2023.csv
dau_an,Dầu ăn (Cooking oil),2023,2023-02-12,82.0,False,dau_an_2023.csv
dau_an,Dầu ăn (Cooking oil),2023,2023-02-19,86.0,False,dau_an_2023.csv
dau_an,Dầu ăn (Cooking oil),2023,2023-02-26,84.0,False,dau_an_2023.csv
dau_an,Dầu ăn (Cooking oil),2023,2023-03-05,85.0,False,dau_an_2023.csv
dau_an,Dầu ăn (Cooking oil),2023,2023-03-12,87.0,False,dau_an_2023.csv
dau_an,Dầu ăn (Cooking oil),2023,2023-03-19,87.0,False,dau_an_2023.csv
dau_an,Dầu ăn (Cooking oil),2023,2023-03-26,87.0,False,dau_an_2023.csv
dau_an,Dầu ăn (Cooking oil),2023,2023-04-02,92.0,False,dau_an_2023.csv
dau_an,Dầu ăn (Cooking oil),2023,2023-04-09,93.0,False,dau_an_2023.csv
dau_an,Dầu ăn (Cooking oil),2023,2023-04-16,97.0,False,dau_an_2023.csv
dau_an,Dầu ăn (Cooking oil),2023,2023-04-23,94.0,False,dau_an_2023.csv
dau_an,Dầu ăn (Cooking oil),2023,2023-04-30,92.0,False,dau_an_2023.csv
dau_an,Dầu ăn (Cooking oil),2023,2023-05-07,97.0,False,dau_an_2023.csv
dau_an,Dầu ăn (Cooking oil),2023,2023-05-14,85.0,False,dau_an_2023.csv
dau_an,Dầu ăn (Cooking oil),2023,2023-05-21,85.0,False,dau_an_2023.csv
dau_an,Dầu ăn (Cooking oil),2023,2023-05-28,86.0,False,dau_an_2023.csv
dau_an,Dầu ăn (Cooking oil),2023,2023-06-04,88.0,False,dau_an_2023.csv
dau_an,Dầu ăn (Cooking oil),2023,2023-06-11,89.0,False,dau_an_2023.csv
dau_an,Dầu ăn (Cooking oil),2023,2023-06-18,91.0,False,dau_an_2023.csv
dau_an,Dầu ăn (Cooking oil),2023,2023-06-25,82.0,False,dau_an_2023.csv
dau_an,Dầu ăn (Cooking oil),2023,2023-07-02,90.0,False,dau_an_2023.csv
dau_an,Dầu ăn (Cooking oil),2023,2023-07-09,87.0,False,dau_an_2023.csv
dau_an,Dầu ăn (Cooking oil),2023,2023-07-16,91.0,False,dau_an_2023.csv
dau_an,Dầu ăn (Cooking oil),2023,2023-07-23,88.0,False,dau_an_2023.csv
dau_an,Dầu ăn (Cooking oil),2023,2023-07-30,96.0,False,dau_an_2023.csv
dau_an,Dầu ăn (Cooking oil),2023,2023-08-06,92.0,False,dau_an_2023.csv
dau_an,Dầu ăn (Cooking oil),2023,2023-08-13,93.0,False,dau_an_2023.csv
dau_an,Dầu ăn (Cooking oil),2023,2023-08-20,88.0,False,dau_an_2023.csv
dau_an,Dầu ăn (Cooking oil),2023,2023-08-27,92.0,False,dau_an_2023.csv
dau_an,Dầu ăn (Cooking oil),2023,2023-09-03,87.0,False,dau_an_2023.csv
dau_an,Dầu ăn (Cooking oil),2023,2023-09-10,89.0,False,dau_an_2023.csv
dau_an,Dầu ăn (Cooking oil),2023,2023-09-17,91.0,False,dau_an_2023.csv
dau_an,Dầu ăn (Cooking oil),2023,2023-09-24,85.0,False,dau_an_2023.csv
dau_an,Dầu ăn (Cooking oil),2023,2023-10-01,92.0,False,dau_an_2023.csv
dau_an,Dầu ăn (Cooking oil),2023,2023-10-08,89.0,False,dau_an_2023.csv
dau_an,Dầu ăn (Cooking oil),2023,2023-10-15,89.0,False,dau_an_2023.csv
dau_an,Dầu ăn (Cooking oil),2023,2023-10-22,94.0,False,dau_an_2023.csv
dau_an,Dầu ăn (Cooking oil),2023,2023-10-29,97.0,False,dau_an_2023.csv
dau_an,Dầu ăn (Cooking oil),2023,2023-11-05,100.0,False,dau_an_2023.csv
dau_an,Dầu ăn (Cooking oil),2023,2023-11-12,95.0,False,dau_an_2023.csv
dau_an,Dầu ăn (Cooking oil),2023,2023-11-19,91.0,False,dau_an_2023.csv
dau_an,Dầu ăn (Cooking oil),2023,2023-11-26,97.0,False,dau_an_2023.csv
dau_an,Dầu ăn (Cooking oil),2023,2023-12-03,93.0,False,dau_an_2023.csv
dau_an,Dầu ăn (Cooking oil),2023,2023-12-10,98.0,False,dau_an_2023.csv
dau_an,Dầu ăn (Cooking oil),2023,2023-12-17,98.0,False,dau_an_2023.csv
dau_an,Dầu ăn (Cooking oil),2023,2023-12-24,98.0,False,dau_an_2023.csv
dau_an,Dầu ăn (Cooking oil),2023,2023-12-31,90.0,False,dau_an_2023.csv
dau_an,Dầu ăn (Cooking oil),2024,2023-12-31,77.0,False,dau_an_2024.csv
dau_an,Dầu ăn (Cooking oil),2024,2024-01-07,75.0,False,dau_an_2024.csv
dau_an,Dầu ăn (Cooking oil),2024,2024-01-14,79.0,False,dau_an_2024.csv
dau_an,Dầu ăn (Cooking oil),2024,2024-01-21,77.0,False,dau_an_2024.csv
dau_an,Dầu ăn (Cooking oil),2024,2024-01-28,74.0,False,dau_an_2024.csv
dau_an,Dầu ăn (Cooking oil),2024,2024-02-04,56.0,False,dau_an_2024.csv
dau_an,Dầu ăn (Cooking oil),2024,2024-02-11,51.0,False,dau_an_2024.csv
dau_an,Dầu ăn (Cooking oil),2024,2024-02-18,66.0,False,dau_an_2024.csv
dau_an,Dầu ăn (Cooking oil),2024,2024-02-25,68.0,False,dau_an_2024.csv
dau_an,Dầu ăn (Cooking oil),2024,2024-03-03,63.0,False,dau_an_2024.csv
dau_an,Dầu ăn (Cooking oil),2024,2024-03-10,72.0,False,dau_an_2024.csv
dau_an,Dầu ăn (Cooking oil),2024,2024-03-17,81.0,False,dau_an_2024.csv
dau_an,Dầu ăn (Cooking oil),2024,2024-03-24,67.0,False,dau_an_2024.csv
dau_an,Dầu ăn (Cooking oil),2024,2024-03-31,68.0,False,dau_an_2024.csv
dau_an,Dầu ăn (Cooking oil),2024,2024-04-07,75.0,False,dau_an_2024.csv
dau_an,Dầu ăn (Cooking oil),2024,2024-04-14,79.0,False,dau_an_2024.csv
dau_an,Dầu ăn (Cooking oil),2024,2024-04-21,77.0,False,dau_an_2024.csv
dau_an,Dầu ăn (Cooking oil),2024,2024-04-28,73.0,False,dau_an_2024.csv
dau_an,Dầu ăn (Cooking oil),2024,2024-05-05,82.0,False,dau_an_2024.csv
dau_an,Dầu ăn (Cooking oil),2024,2024-05-12,72.0,False,dau_an_2024.csv
dau_an,Dầu ăn (Cooking oil),2024,2024-05-19,63.0,False,dau_an_2024.csv
dau_an,Dầu ăn (Cooking oil),2024,2024-05-26,60.0,False,dau_an_2024.csv
dau_an,Dầu ăn (Cooking oil),2024,2024-06-02,71.0,False,dau_an_2024.csv
dau_an,Dầu ăn (Cooking oil),2024,2024-06-09,69.0,False,dau_an_2024.csv
dau_an,Dầu ăn (Cooking oil),2024,2024-06-16,60.0,False,dau_an_2024.csv
dau_an,Dầu ăn (Cooking oil),2024,2024-06-23,64.0,False,dau_an_2024.csv
dau_an,Dầu ăn (Cooking oil),2024,2024-06-30,58.0,False,dau_an_2024.csv
dau_an,Dầu ăn (Cooking oil),2024,2024-07-07,64.0,False,dau_an_2024.csv
dau_an,Dầu ăn (Cooking oil),2024,2024-07-14,70.0,False,dau_an_2024.csv
dau_an,Dầu ăn (Cooking oil),2024,2024-07-21,71.0,False,dau_an_2024.csv
dau_an,Dầu ăn (Cooking oil),2024,2024-07-28,72.0,False,dau_an_2024.csv
dau_an,Dầu ăn (Cooking oil),2024,2024-08-04,74.0,False,dau_an_2024.csv
dau_an,Dầu ăn (Cooking oil),2024,2024-08-11,72.0,False,dau_an_2024.csv
dau_an,Dầu ăn (Cooking oil),2024,2024-08-18,65.0,False,dau_an_2024.csv
dau_an,Dầu ăn (Cooking oil),2024,2024-08-25,66.0,False,dau_an_2024.csv
dau_an,Dầu ăn (Cooking oil),2024,2024-09-01,61.0,False,dau_an_2024.csv
dau_an,Dầu ăn (Cooking oil),2024,2024-09-08,67.0,False,dau_an_2024.csv
dau_an,Dầu ăn (Cooking oil),2024,2024-09-15,77.0,False,dau_an_2024.csv
dau_an,Dầu ăn (Cooking oil),2024,2024-09-22,82.0,False,dau_an_2024.csv
dau_an,Dầu ăn (Cooking oil),2024,2024-09-29,78.0,False,dau_an_2024.csv
dau_an,Dầu ăn (Cooking oil),2024,2024-10-06,72.0,False,dau_an_2024.csv
dau_an,Dầu ăn (Cooking oil),2024,2024-10-13,83.0,False,dau_an_2024.csv
dau_an,Dầu ăn (Cooking oil),2024,2024-10-20,84.0,False,dau_an_2024.csv
dau_an,Dầu ăn (Cooking oil),2024,2024-10-27,83.0,False,dau_an_2024.csv
dau_an,Dầu ăn (Cooking oil),2024,2024-11-03,91.0,False,dau_an_2024.csv
dau_an,Dầu ăn (Cooking oil),2024,2024-11-10,87.0,False,dau_an_2024.csv
dau_an,Dầu ăn (Cooking oil),2024,2024-11-17,79.0,False,dau_an_2024.csv
dau_an,Dầu ăn (Cooking oil),2024,2024-11-24,88.0,False,dau_an_2024.csv
dau_an,Dầu ăn (Cooking oil),2024,2024-12-01,91.0,False,dau_an_2024.csv
dau_an,Dầu ăn (Cooking oil),2024,2024-12-08,98.0,False,dau_an_2024.csv
dau_an,Dầu ăn (Cooking oil),2024,2024-12-15,92.0,False,dau_an_2024.csv
dau_an,Dầu ăn (Cooking oil),2024,2024-12-22,100.0,False,dau_an_2024.csv
dau_an,Dầu ăn (Cooking oil),2024,2024-12-29,82.0,False,dau_an_2024.csv
dau_an,Dầu ăn (Cooking oil),2025,2024-12-29,55.0,False,dau_an_2025.csv
dau_an,Dầu ăn (Cooking oil),2025,2025-01-05,51.0,False,dau_an_2025.csv
dau_an,Dầu ăn (Cooking oil),2025,2025-01-12,51.0,False,dau_an_2025.csv
dau_an,Dầu ăn (Cooking oil),2025,2025-01-19,50.0,False,dau_an_2025.csv
dau_an,Dầu ăn (Cooking oil),2025,2025-01-26,33.0,False,dau_an_2025.csv
dau_an,Dầu ăn (Cooking oil),2025,2025-02-02,41.0,False,dau_an_2025.csv
dau_an,Dầu ăn (Cooking oil),2025,2025-02-09,44.0,False,dau_an_2025.csv
dau_an,Dầu ăn (Cooking oil),2025,2025-02-16,43.0,False,dau_an_2025.csv
dau_an,Dầu ăn (Cooking oil),2025,2025-02-23,46.0,False,dau_an_2025.csv
dau_an,Dầu ăn (Cooking oil),2025,2025-03-02,45.0,False,dau_an_2025.csv
dau_an,Dầu ăn (Cooking oil),2025,2025-03-09,48.0,False,dau_an_2025.csv
dau_an,Dầu ăn (Cooking oil),2025,2025-03-16,50.0,False,dau_an_2025.csv
dau_an,Dầu ăn (Cooking oil),2025,2025-03-23,43.0,False,dau_an_2025.csv
dau_an,Dầu ăn (Cooking oil),2025,2025-03-30,43.0,False,dau_an_2025.csv
dau_an,Dầu ăn (Cooking oil),2025,2025-04-06,44.0,False,dau_an_2025.csv
dau_an,Dầu ăn (Cooking oil),2025,2025-04-13,44.0,False,dau_an_2025.csv
dau_an,Dầu ăn (Cooking oil),2025,2025-04-20,48.0,False,dau_an_2025.csv
dau_an,Dầu ăn (Cooking oil),2025,2025-04-27,57.0,False,dau_an_2025.csv
dau_an,Dầu ăn (Cooking oil),2025,2025-05-04,53.0,False,dau_an_2025.csv
dau_an,Dầu ăn (Cooking oil),2025,2025-05-11,45.0,False,dau_an_2025.csv
dau_an,Dầu ăn (Cooking oil),2025,2025-05-18,42.0,False,dau_an_2025.csv
dau_an,Dầu ăn (Cooking oil),2025,2025-05-25,43.0,False,dau_an_2025.csv
dau_an,Dầu ăn (Cooking oil),2025,2025-06-01,37.0,False,dau_an_2025.csv
dau_an,Dầu ăn (Cooking oil),2025,2025-06-08,45.0,False,dau_an_2025.csv
dau_an,Dầu ăn (Cooking oil),2025,2025-06-15,41.0,False,dau_an_2025.csv
dau_an,Dầu ăn (Cooking oil),2025,2025-06-22,100.0,False,dau_an_2025.csv
dau_an,Dầu ăn (Cooking oil),2025,2025-06-29,58.0,False,dau_an_2025.csv
dau_an,Dầu ăn (Cooking oil),2025,2025-07-06,55.0,False,dau_an_2025.csv
dau_an,Dầu ăn (Cooking oil),2025,2025-07-13,55.0,False,dau_an_2025.csv
dau_an,Dầu ăn (Cooking oil),2025,2025-07-20,53.0,False,dau_an_2025.csv
dau_an,Dầu ăn (Cooking oil),2025,2025-07-27,54.0,False,dau_an_2025.csv
dau_an,Dầu ăn (Cooking oil),2025,2025-08-03,53.0,False,dau_an_2025.csv
dau_an,Dầu ăn (Cooking oil),2025,2025-08-10,50.0,False,dau_an_2025.csv
dau_an,Dầu ăn (Cooking oil),2025,2025-08-17,54.0,False,dau_an_2025.csv
dau_an,Dầu ăn (Cooking oil),2025,2025-08-24,50.0,False,dau_an_2025.csv
dau_an,Dầu ăn (Cooking oil),2025,2025-08-31,53.0,False,dau_an_2025.csv
dau_an,Dầu ăn (Cooking oil),2025,2025-09-07,51.0,False,dau_an_2025.csv
dau_an,Dầu ăn (Cooking oil),2025,2025-09-14,54.0,False,dau_an_2025.csv
dau_an,Dầu ăn (Cooking oil),2025,2025-09-21,60.0,False,dau_an_2025.csv
dau_an,Dầu ăn (Cooking oil),2025,2025-09-28,56.0,False,dau_an_2025.csv
dau_an,Dầu ăn (Cooking oil),2025,2025-10-05,58.0,False,dau_an_2025.csv
dau_an,Dầu ăn (Cooking oil),2025,2025-10-12,62.0,False,dau_an_2025.csv
dau_an,Dầu ăn (Cooking oil),2025,2025-10-19,69.0,False,dau_an_2025.csv
dau_an,Dầu ăn (Cooking oil),2025,2025-10-26,67.0,False,dau_an_2025.csv
dau_an,Dầu ăn (Cooking oil),2025,2025-11-02,66.0,False,dau_an_2025.csv
dau_an,Dầu ăn (Cooking oil),2025,2025-11-09,61.0,False,dau_an_2025.csv
dau_an,Dầu ăn (Cooking oil),2025,2025-11-16,64.0,False,dau_an_2025.csv
dau_an,Dầu ăn (Cooking oil),2025,2025-11-23,59.0,False,dau_an_2025.csv
dau_an,Dầu ăn (Cooking oil),2025,2025-11-30,64.0,False,dau_an_2025.csv
dau_an,Dầu ăn (Cooking oil),2025,2025-12-07,61.0,False,dau_an_2025.csv
dau_an,Dầu ăn (Cooking oil),2025,2025-12-14,61.0,False,dau_an_2025.csv
dau_an,Dầu ăn (Cooking oil),2025,2025-12-21,69.0,False,dau_an_2025.csv
dau_an,Dầu ăn (Cooking oil),2025,2025-12-28,67.0,False,dau_an_2025.csv
nuoc_ngot,Nước ngọt (Soft drinks),2020,2019-12-29,50.0,False,nuoc_ngot_2020.csv
nuoc_ngot,Nước ngọt (Soft drinks),2020,2020-01-05,67.0,False,nuoc_ngot_2020.csv
nuoc_ngot,Nước ngọt (Soft drinks),2020,2020-01-12,79.0,False,nuoc_ngot_2020.csv
nuoc_ngot,Nước ngọt (Soft drinks),2020,2020-01-19,93.0,False,nuoc_ngot_2020.csv
nuoc_ngot,Nước ngọt (Soft drinks),2020,2020-01-26,62.0,False,nuoc_ngot_2020.csv
nuoc_ngot,Nước ngọt (Soft drinks),2020,2020-02-02,51.0,False,nuoc_ngot_2020.csv
nuoc_ngot,Nước ngọt (Soft drinks),2020,2020-02-09,57.0,False,nuoc_ngot_2020.csv
nuoc_ngot,Nước ngọt (Soft drinks),2020,2020-02-16,56.0,False,nuoc_ngot_2020.csv
nuoc_ngot,Nước ngọt (Soft drinks),2020,2020-02-23,64.0,False,nuoc_ngot_2020.csv
nuoc_ngot,Nước ngọt (Soft drinks),2020,2020-03-01,63.0,False,nuoc_ngot_2020.csv
nuoc_ngot,Nước ngọt (Soft drinks),2020,2020-03-08,64.0,False,nuoc_ngot_2020.csv
nuoc_ngot,Nước ngọt (Soft drinks),2020,2020-03-15,72.0,False,nuoc_ngot_2020.csv
nuoc_ngot,Nước ngọt (Soft drinks),2020,2020-03-22,68.0,False,nuoc_ngot_2020.csv
nuoc_ngot,Nước ngọt (Soft drinks),2020,2020-03-29,79.0,False,nuoc_ngot_2020.csv
nuoc_ngot,Nước ngọt (Soft drinks),2020,2020-04-05,84.0,False,nuoc_ngot_2020.csv
nuoc_ngot,Nước ngọt (Soft drinks),2020,2020-04-12,83.0,False,nuoc_ngot_2020.csv
nuoc_ngot,Nước ngọt (Soft drinks),2020,2020-04-19,100.0,False,nuoc_ngot_2020.csv
nuoc_ngot,Nước ngọt (Soft drinks),2020,2020-04-26,79.0,False,nuoc_ngot_2020.csv
nuoc_ngot,Nước ngọt (Soft drinks),2020,2020-05-03,88.0,False,nuoc_ngot_2020.csv
nuoc_ngot,Nước ngọt (Soft drinks),2020,2020-05-10,80.0,False,nuoc_ngot_2020.csv
nuoc_ngot,Nước ngọt (Soft drinks),2020,2020-05-17,78.0,False,nuoc_ngot_2020.csv
nuoc_ngot,Nước ngọt (Soft drinks),2020,2020-05-24,70.0,False,nuoc_ngot_2020.csv
nuoc_ngot,Nước ngọt (Soft drinks),2020,2020-05-31,78.0,False,nuoc_ngot_2020.csv
nuoc_ngot,Nước ngọt (Soft drinks),2020,2020-06-07,81.0,False,nuoc_ngot_2020.csv
nuoc_ngot,Nước ngọt (Soft drinks),2020,2020-06-14,74.0,False,nuoc_ngot_2020.csv
nuoc_ngot,Nước ngọt (Soft drinks),2020,2020-06-21,68.0,False,nuoc_ngot_2020.csv
nuoc_ngot,Nước ngọt (Soft drinks),2020,2020-06-28,64.0,False,nuoc_ngot_2020.csv
nuoc_ngot,Nước ngọt (Soft drinks),2020,2020-07-05,67.0,False,nuoc_ngot_2020.csv
nuoc_ngot,Nước ngọt (Soft drinks),2020,2020-07-12,63.0,False,nuoc_ngot_2020.csv
nuoc_ngot,Nước ngọt (Soft drinks),2020,2020-07-19,77.0,False,nuoc_ngot_2020.csv
nuoc_ngot,Nước ngọt (Soft drinks),2020,2020-07-26,61.0,False,nuoc_ngot_2020.csv
nuoc_ngot,Nước ngọt (Soft drinks),2020,2020-08-02,53.0,False,nuoc_ngot_2020.csv
nuoc_ngot,Nước ngọt (Soft drinks),2020,2020-08-09,54.0,False,nuoc_ngot_2020.csv
nuoc_ngot,Nước ngọt (Soft drinks),2020,2020-08-16,58.0,False,nuoc_ngot_2020.csv
nuoc_ngot,Nước ngọt (Soft drinks),2020,2020-08-23,66.0,False,nuoc_ngot_2020.csv
nuoc_ngot,Nước ngọt (Soft drinks),2020,2020-08-30,60.0,False,nuoc_ngot_2020.csv
nuoc_ngot,Nước ngọt (Soft drinks),2020,2020-09-06,62.0,False,nuoc_ngot_2020.csv
nuoc_ngot,Nước ngọt (Soft drinks),2020,2020-09-13,52.0,False,nuoc_ngot_2020.csv
nuoc_ngot,Nước ngọt (Soft drinks),2020,2020-09-20,62.0,False,nuoc_ngot_2020.csv
nuoc_ngot,Nước ngọt (Soft drinks),2020,2020-09-27,65.0,False,nuoc_ngot_2020.csv
nuoc_ngot,Nước ngọt (Soft drinks),2020,2020-10-04,61.0,False,nuoc_ngot_2020.csv
nuoc_ngot,Nước ngọt (Soft drinks),2020,2020-10-11,60.0,False,nuoc_ngot_2020.csv
nuoc_ngot,Nước ngọt (Soft drinks),2020,2020-10-18,62.0,False,nuoc_ngot_2020.csv
nuoc_ngot,Nước ngọt (Soft drinks),2020,2020-10-25,59.0,False,nuoc_ngot_2020.csv
nuoc_ngot,Nước ngọt (Soft drinks),2020,2020-11-01,60.0,False,nuoc_ngot_2020.csv
nuoc_ngot,Nước ngọt (Soft drinks),2020,2020-11-08,64.0,False,nuoc_ngot_2020.csv
nuoc_ngot,Nước ngọt (Soft drinks),2020,2020-11-15,70.0,False,nuoc_ngot_2020.csv
nuoc_ngot,Nước ngọt (Soft drinks),2020,2020-11-22,65.0,False,nuoc_ngot_2020.csv
nuoc_ngot,Nước ngọt (Soft drinks),2020,2020-11-29,62.0,False,nuoc_ngot_2020.csv
nuoc_ngot,Nước ngọt (Soft drinks),2020,2020-12-06,63.0,False,nuoc_ngot_2020.csv
nuoc_ngot,Nước ngọt (Soft drinks),2020,2020-12-13,62.0,False,nuoc_ngot_2020.csv
nuoc_ngot,Nước ngọt (Soft drinks),2020,2020-12-20,63.0,False,nuoc_ngot_2020.csv
nuoc_ngot,Nước ngọt (Soft drinks),2020,2020-12-27,67.0,False,nuoc_ngot_2020.csv
nuoc_ngot,Nước ngọt (Soft drinks),2021,2020-12-27,56.0,False,nuoc_ngot_2021.csv
nuoc_ngot,Nước ngọt (Soft drinks),2021,2021-01-03,62.0,False,nuoc_ngot_2021.csv
nuoc_ngot,Nước ngọt (Soft drinks),2021,2021-01-10,59.0,False,nuoc_ngot_2021.csv
nuoc_ngot,Nước ngọt (Soft drinks),2021,2021-01-17,58.0,False,nuoc_ngot_2021.csv
nuoc_ngot,Nước ngọt (Soft drinks),2021,2021-01-24,72.0,False,nuoc_ngot_2021.csv
nuoc_ngot,Nước ngọt (Soft drinks),2021,2021-01-31,82.0,False,nuoc_ngot_2021.csv
nuoc_ngot,Nước ngọt (Soft drinks),2021,2021-02-07,100.0,False,nuoc_ngot_2021.csv
nuoc_ngot,Nước ngọt (Soft drinks),2021,2021-02-14,83.0,False,nuoc_ngot_2021.csv
nuoc_ngot,Nước ngọt (Soft drinks),2021,2021-02-21,60.0,False,nuoc_ngot_2021.csv
nuoc_ngot,Nước ngọt (Soft drinks),2021,2021-02-28,60.0,False,nuoc_ngot_2021.csv
nuoc_ngot,Nước ngọt (Soft drinks),2021,2021-03-07,66.0,False,nuoc_ngot_2021.csv
nuoc_ngot,Nước ngọt (Soft drinks),2021,2021-03-14,70.0,False,nuoc_ngot_2021.csv
nuoc_ngot,Nước ngọt (Soft drinks),2021,2021-03-21,74.0,False,nuoc_ngot_2021.csv
nuoc_ngot,Nước ngọt (Soft drinks),2021,2021-03-28,68.0,False,nuoc_ngot_2021.csv
nuoc_ngot,Nước ngọt (Soft drinks),2021,2021-04-04,61.0,False,nuoc_ngot_2021.csv
nuoc_ngot,Nước ngọt (Soft drinks),2021,2021-04-11,66.0,False,nuoc_ngot_2021.csv
nuoc_ngot,Nước ngọt (Soft drinks),2021,2021-04-18,60.0,False,nuoc_ngot_2021.csv
nuoc_ngot,Nước ngọt (Soft drinks),2021,2021-04-25,70.0,False,nuoc_ngot_2021.csv
nuoc_ngot,Nước ngọt (Soft drinks),2021,2021-05-02,70.0,False,nuoc_ngot_2021.csv
nuoc_ngot,Nước ngọt (Soft drinks),2021,2021-05-09,75.0,False,nuoc_ngot_2021.csv
nuoc_ngot,Nước ngọt (Soft drinks),2021,2021-05-16,73.0,False,nuoc_ngot_2021.csv
nuoc_ngot,Nước ngọt (Soft drinks),2021,2021-05-23,66.0,False,nuoc_ngot_2021.csv
nuoc_ngot,Nước ngọt (Soft drinks),2021,2021-05-30,73.0,False,nuoc_ngot_2021.csv
nuoc_ngot,Nước ngọt (Soft drinks),2021,2021-06-06,65.0,False,nuoc_ngot_2021.csv
nuoc_ngot,Nước ngọt (Soft drinks),2021,2021-06-13,67.0,False,nuoc_ngot_2021.csv
nuoc_ngot,Nước ngọt (Soft drinks),2021,2021-06-20,66.0,False,nuoc_ngot_2021.csv
nuoc_ngot,Nước ngọt (Soft drinks),2021,2021-06-27,65.0,False,nuoc_ngot_2021.csv
nuoc_ngot,Nước ngọt (Soft drinks),2021,2021-07-04,51.0,False,nuoc_ngot_2021.csv
nuoc_ngot,Nước ngọt (Soft drinks),2021,2021-07-11,59.0,False,nuoc_ngot_2021.csv
nuoc_ngot,Nước ngọt (Soft drinks),2021,2021-07-18,67.0,False,nuoc_ngot_2021.csv
nuoc_ngot,Nước ngọt (Soft drinks),2021,2021-07-25,65.0,False,nuoc_ngot_2021.csv
nuoc_ngot,Nước ngọt (Soft drinks),2021,2021-08-01,76.0,False,nuoc_ngot_2021.csv
nuoc_ngot,Nước ngọt (Soft drinks),2021,2021-08-08,75.0,False,nuoc_ngot_2021.csv
nuoc_ngot,Nước ngọt (Soft drinks),2021,2021-08-15,71.0,False,nuoc_ngot_2021.csv
nuoc_ngot,Nước ngọt (Soft drinks),2021,2021-08-22,66.0,False,nuoc_ngot_2021.csv
nuoc_ngot,Nước ngọt (Soft drinks),2021,2021-08-29,73.0,False,nuoc_ngot_2021.csv
nuoc_ngot,Nước ngọt (Soft drinks),2021,2021-09-05,68.0,False,nuoc_ngot_2021.csv
nuoc_ngot,Nước ngọt (Soft drinks),2021,2021-09-12,71.0,False,nuoc_ngot_2021.csv
nuoc_ngot,Nước ngọt (Soft drinks),2021,2021-09-19,67.0,False,nuoc_ngot_2021.csv
nuoc_ngot,Nước ngọt (Soft drinks),2021,2021-09-26,71.0,False,nuoc_ngot_2021.csv
nuoc_ngot,Nước ngọt (Soft drinks),2021,2021-10-03,75.0,False,nuoc_ngot_2021.csv
nuoc_ngot,Nước ngọt (Soft drinks),2021,2021-10-10,78.0,False,nuoc_ngot_2021.csv
nuoc_ngot,Nước ngọt (Soft drinks),2021,2021-10-17,75.0,False,nuoc_ngot_2021.csv
nuoc_ngot,Nước ngọt (Soft drinks),2021,2021-10-24,83.0,False,nuoc_ngot_2021.csv
nuoc_ngot,Nước ngọt (Soft drinks),2021,2021-10-31,89.0,False,nuoc_ngot_2021.csv
nuoc_ngot,Nước ngọt (Soft drinks),2021,2021-11-07,87.0,False,nuoc_ngot_2021.csv
nuoc_ngot,Nước ngọt (Soft drinks),2021,2021-11-14,76.0,False,nuoc_ngot_2021.csv
nuoc_ngot,Nước ngọt (Soft drinks),2021,2021-11-21,85.0,False,nuoc_ngot_2021.csv
nuoc_ngot,Nước ngọt (Soft drinks),2021,2021-11-28,88.0,False,nuoc_ngot_2021.csv
nuoc_ngot,Nước ngọt (Soft drinks),2021,2021-12-05,70.0,False,nuoc_ngot_2021.csv
nuoc_ngot,Nước ngọt (Soft drinks),2021,2021-12-12,75.0,False,nuoc_ngot_2021.csv
nuoc_ngot,Nước ngọt (Soft drinks),2021,2021-12-19,88.0,False,nuoc_ngot_2021.csv
nuoc_ngot,Nước ngọt (Soft drinks),2021,2021-12-26,99.0,False,nuoc_ngot_2021.csv
nuoc_ngot,Nước ngọt (Soft drinks),2022,2021-12-26,64.0,False,nuoc_ngot_2022.csv
nuoc_ngot,Nước ngọt (Soft drinks),2022,2022-01-02,70.0,False,nuoc_ngot_2022.csv
nuoc_ngot,Nước ngọt (Soft drinks),2022,2022-01-09,68.0,False,nuoc_ngot_2022.csv
nuoc_ngot,Nước ngọt (Soft drinks),2022,2022-01-16,67.0,False,nuoc_ngot_2022.csv
nuoc_ngot,Nước ngọt (Soft drinks),2022,2022-01-23,100.0,False,nuoc_ngot_2022.csv
nuoc_ngot,Nước ngọt (Soft drinks),2022,2022-01-30,80.0,False,nuoc_ngot_2022.csv
nuoc_ngot,Nước ngọt (Soft drinks),2022,2022-02-06,56.0,False,nuoc_ngot_2022.csv
nuoc_ngot,Nước ngọt (Soft drinks),2022,2022-02-13,62.0,False,nuoc_ngot_2022.csv
nuoc_ngot,Nước ngọt (Soft drinks),2022,2022-02-20,55.0,False,nuoc_ngot_2022.csv
nuoc_ngot,Nước ngọt (Soft drinks),2022,2022-02-27,67.0,False,nuoc_ngot_2022.csv
nuoc_ngot,Nước ngọt (Soft drinks),2022,2022-03-06,75.0,False,nuoc_ngot_2022.csv
nuoc_ngot,Nước ngọt (Soft drinks),2022,2022-03-13,92.0,False,nuoc_ngot_2022.csv
nuoc_ngot,Nước ngọt (Soft drinks),2022,2022-03-20,80.0,False,nuoc_ngot_2022.csv
nuoc_ngot,Nước ngọt (Soft drinks),2022,2022-03-27,68.0,False,nuoc_ngot_2022.csv
nuoc_ngot,Nước ngọt (Soft drinks),2022,2022-04-03,63.0,False,nuoc_ngot_2022.csv
nuoc_ngot,Nước ngọt (Soft drinks),2022,2022-04-10,60.0,False,nuoc_ngot_2022.csv
nuoc_ngot,Nước ngọt (Soft drinks),2022,2022-04-17,63.0,False,nuoc_ngot_2022.csv
nuoc_ngot,Nước ngọt (Soft drinks),2022,2022-04-24,67.0,False,nuoc_ngot_2022.csv
nuoc_ngot,Nước ngọt (Soft drinks),2022,2022-05-01,62.0,False,nuoc_ngot_2022.csv
nuoc_ngot,Nước ngọt (Soft drinks),2022,2022-05-08,62.0,False,nuoc_ngot_2022.csv
nuoc_ngot,Nước ngọt (Soft drinks),2022,2022-05-15,48.0,False,nuoc_ngot_2022.csv
nuoc_ngot,Nước ngọt (Soft drinks),2022,2022-05-22,54.0,False,nuoc_ngot_2022.csv
nuoc_ngot,Nước ngọt (Soft drinks),2022,2022-05-29,53.0,False,nuoc_ngot_2022.csv
nuoc_ngot,Nước ngọt (Soft drinks),2022,2022-06-05,56.0,False,nuoc_ngot_2022.csv
nuoc_ngot,Nước ngọt (Soft drinks),2022,2022-06-12,56.0,False,nuoc_ngot_2022.csv
nuoc_ngot,Nước ngọt (Soft drinks),2022,2022-06-19,60.0,False,nuoc_ngot_2022.csv
nuoc_ngot,Nước ngọt (Soft drinks),2022,2022-06-26,61.0,False,nuoc_ngot_2022.csv
nuoc_ngot,Nước ngọt (Soft drinks),2022,2022-07-03,53.0,False,nuoc_ngot_2022.csv
nuoc_ngot,Nước ngọt (Soft drinks),2022,2022-07-10,50.0,False,nuoc_ngot_2022.csv
nuoc_ngot,Nước ngọt (Soft drinks),2022,2022-07-17,57.0,False,nuoc_ngot_2022.csv
nuoc_ngot,Nước ngọt (Soft drinks),2022,2022-07-24,55.0,False,nuoc_ngot_2022.csv
nuoc_ngot,Nước ngọt (Soft drinks),2022,2022-07-31,53.0,False,nuoc_ngot_2022.csv
nuoc_ngot,Nước ngọt (Soft drinks),2022,2022-08-07,47.0,False,nuoc_ngot_2022.csv
nuoc_ngot,Nước ngọt (Soft drinks),2022,2022-08-14,47.0,False,nuoc_ngot_2022.csv
nuoc_ngot,Nước ngọt (Soft drinks),2022,2022-08-21,48.0,False,nuoc_ngot_2022.csv
nuoc_ngot,Nước ngọt (Soft drinks),2022,2022-08-28,50.0,False,nuoc_ngot_2022.csv
nuoc_ngot,Nước ngọt (Soft drinks),2022,2022-09-04,46.0,False,nuoc_ngot_2022.csv
nuoc_ngot,Nước ngọt (Soft drinks),2022,2022-09-11,48.0,False,nuoc_ngot_2022.csv
nuoc_ngot,Nước ngọt (Soft drinks),2022,2022-09-18,52.0,False,nuoc_ngot_2022.csv
nuoc_ngot,Nước ngọt (Soft drinks),2022,2022-09-25,53.0,False,nuoc_ngot_2022.csv
nuoc_ngot,Nước ngọt (Soft drinks),2022,2022-10-02,57.0,False,nuoc_ngot_2022.csv
nuoc_ngot,Nước ngọt (Soft drinks),2022,2022-10-09,52.0,False,nuoc_ngot_2022.csv
nuoc_ngot,Nước ngọt (Soft drinks),2022,2022-10-16,58.0,False,nuoc_ngot_2022.csv
nuoc_ngot,Nước ngọt (Soft drinks),2022,2022-10-23,67.0,False,nuoc_ngot_2022.csv
nuoc_ngot,Nước ngọt (Soft drinks),2022,2022-10-30,72.0,False,nuoc_ngot_2022.csv
nuoc_ngot,Nước ngọt (Soft drinks),2022,2022-11-06,63.0,False,nuoc_ngot_2022.csv
nuoc_ngot,Nước ngọt (Soft drinks),2022,2022-11-13,59.0,False,nuoc_ngot_2022.csv
nuoc_ngot,Nước ngọt (Soft drinks),2022,2022-11-20,48.0,False,nuoc_ngot_2022.csv
nuoc_ngot,Nước ngọt (Soft drinks),2022,2022-11-27,52.0,False,nuoc_ngot_2022.csv
nuoc_ngot,Nước ngọt (Soft drinks),2022,2022-12-04,59.0,False,nuoc_ngot_2022.csv
nuoc_ngot,Nước ngọt (Soft drinks),2022,2022-12-11,64.0,False,nuoc_ngot_2022.csv
nuoc_ngot,Nước ngọt (Soft drinks),2022,2022-12-18,70.0,False,nuoc_ngot_2022.csv
nuoc_ngot,Nước ngọt (Soft drinks),2022,2022-12-25,82.0,False,nuoc_ngot_2022.csv
nuoc_ngot,Nước ngọt (Soft drinks),2023,2023-01-01,48.0,False,nuoc_ngot_2023.csv
nuoc_ngot,Nước ngọt (Soft drinks),2023,2023-01-08,62.0,False,nuoc_ngot_2023.csv
nuoc_ngot,Nước ngọt (Soft drinks),2023,2023-01-15,100.0,False,nuoc_ngot_2023.csv
nuoc_ngot,Nước ngọt (Soft drinks),2023,2023-01-22,37.0,False,nuoc_ngot_2023.csv
nuoc_ngot,Nước ngọt (Soft drinks),2023,2023-01-29,33.0,False,nuoc_ngot_2023.csv
nuoc_ngot,Nước ngọt (Soft drinks),2023,2023-02-05,35.0,False,nuoc_ngot_2023.csv
nuoc_ngot,Nước ngọt (Soft drinks),2023,2023-02-12,31.0,False,nuoc_ngot_2023.csv
nuoc_ngot,Nước ngọt (Soft drinks),2023,2023-02-19,36.0,False,nuoc_ngot_2023.csv
nuoc_ngot,Nước ngọt (Soft drinks),2023,2023-02-26,40.0,False,nuoc_ngot_2023.csv
nuoc_ngot,Nước ngọt (Soft drinks),2023,2023-03-05,46.0,False,nuoc_ngot_2023.csv
nuoc_ngot,Nước ngọt (Soft drinks),2023,2023-03-12,51.0,False,nuoc_ngot_2023.csv
nuoc_ngot,Nước ngọt (Soft drinks),2023,2023-03-19,44.0,False,nuoc_ngot_2023.csv
nuoc_ngot,Nước ngọt (Soft drinks),2023,2023-03-26,41.0,False,nuoc_ngot_2023.csv
nuoc_ngot,Nước ngọt (Soft drinks),2023,2023-04-02,40.0,False,nuoc_ngot_2023.csv
nuoc_ngot,Nước ngọt (Soft drinks),2023,2023-04-09,42.0,False,nuoc_ngot_2023.csv
nuoc_ngot,Nước ngọt (Soft drinks),2023,2023-04-16,42.0,False,nuoc_ngot_2023.csv
nuoc_ngot,Nước ngọt (Soft drinks),2023,2023-04-23,44.0,False,nuoc_ngot_2023.csv
nuoc_ngot,Nước ngọt (Soft drinks),2023,2023-04-30,48.0,False,nuoc_ngot_2023.csv
nuoc_ngot,Nước ngọt (Soft drinks),2023,2023-05-07,43.0,False,nuoc_ngot_2023.csv
nuoc_ngot,Nước ngọt (Soft drinks),2023,2023-05-14,36.0,False,nuoc_ngot_2023.csv
nuoc_ngot,Nước ngọt (Soft drinks),2023,2023-05-21,34.0,False,nuoc_ngot_2023.csv
nuoc_ngot,Nước ngọt (Soft drinks),2023,2023-05-28,37.0,False,nuoc_ngot_2023.csv
nuoc_ngot,Nước ngọt (Soft drinks),2023,2023-06-04,37.0,False,nuoc_ngot_2023.csv
nuoc_ngot,Nước ngọt (Soft drinks),2023,2023-06-11,36.0,False,nuoc_ngot_2023.csv
nuoc_ngot,Nước ngọt (Soft drinks),2023,2023-06-18,38.0,False,nuoc_ngot_2023.csv
nuoc_ngot,Nước ngọt (Soft drinks),2023,2023-06-25,33.0,False,nuoc_ngot_2023.csv
nuoc_ngot,Nước ngọt (Soft drinks),2023,2023-07-02,34.0,False,nuoc_ngot_2023.csv
nuoc_ngot,Nước ngọt (Soft drinks),2023,2023-07-09,32.0,False,nuoc_ngot_2023.csv
nuoc_ngot,Nước ngọt (Soft drinks),2023,2023-07-16,31.0,False,nuoc_ngot_2023.csv
nuoc_ngot,Nước ngọt (Soft drinks),2023,2023-07-23,33.0,False,nuoc_ngot_2023.csv
nuoc_ngot,Nước ngọt (Soft drinks),2023,2023-07-30,29.0,False,nuoc_ngot_2023.csv
nuoc_ngot,Nước ngọt (Soft drinks),2023,2023-08-06,32.0,False,nuoc_ngot_2023.csv
nuoc_ngot,Nước ngọt (Soft drinks),2023,2023-08-13,30.0,False,nuoc_ngot_2023.csv
nuoc_ngot,Nước ngọt (Soft drinks),2023,2023-08-20,28.0,False,nuoc_ngot_2023.csv
nuoc_ngot,Nước ngọt (Soft drinks),2023,2023-08-27,31.0,False,nuoc_ngot_2023.csv
nuoc_ngot,Nước ngọt (Soft drinks),2023,2023-09-03,30.0,False,nuoc_ngot_2023.csv
nuoc_ngot,Nước ngọt (Soft drinks),2023,2023-09-10,27.0,False,nuoc_ngot_2023.csv
nuoc_ngot,Nước ngọt (Soft drinks),2023,2023-09-17,29.0,False,nuoc_ngot_2023.csv
nuoc_ngot,Nước ngọt (Soft drinks),2023,2023-09-24,28.0,False,nuoc_ngot_2023.csv
nuoc_ngot,Nước ngọt (Soft drinks),2023,2023-10-01,32.0,False,nuoc_ngot_2023.csv
nuoc_ngot,Nước ngọt (Soft drinks),2023,2023-10-08,31.0,False,nuoc_ngot_2023.csv
nuoc_ngot,Nước ngọt (Soft drinks),2023,2023-10-15,32.0,False,nuoc_ngot_2023.csv
nuoc_ngot,Nước ngọt (Soft drinks),2023,2023-10-22,32.0,False,nuoc_ngot_2023.csv
nuoc_ngot,Nước ngọt (Soft drinks),2023,2023-10-29,32.0,False,nuoc_ngot_2023.csv
nuoc_ngot,Nước ngọt (Soft drinks),2023,2023-11-05,34.0,False,nuoc_ngot_2023.csv
nuoc_ngot,Nước ngọt (Soft drinks),2023,2023-11-12,29.0,False,nuoc_ngot_2023.csv
nuoc_ngot,Nước ngọt (Soft drinks),2023,2023-11-19,32.0,False,nuoc_ngot_2023.csv
nuoc_ngot,Nước ngọt (Soft drinks),2023,2023-11-26,32.0,False,nuoc_ngot_2023.csv
nuoc_ngot,Nước ngọt (Soft drinks),2023,2023-12-03,34.0,False,nuoc_ngot_2023.csv
nuoc_ngot,Nước ngọt (Soft drinks),2023,2023-12-10,38.0,False,nuoc_ngot_2023.csv
nuoc_ngot,Nước ngọt (Soft drinks),2023,2023-12-17,36.0,False,nuoc_ngot_2023.csv
nuoc_ngot,Nước ngọt (Soft drinks),2023,2023-12-24,38.0,False,nuoc_ngot_2023.csv
nuoc_ngot,Nước ngọt (Soft drinks),2023,2023-12-31,34.0,False,nuoc_ngot_2023.csv
nuoc_ngot,Nước ngọt (Soft drinks),2024,2023-12-31,51.0,False,nuoc_ngot_2024.csv
nuoc_ngot,Nước ngọt (Soft drinks),2024,2024-01-07,45.0,False,nuoc_ngot_2024.csv
nuoc_ngot,Nước ngọt (Soft drinks),2024,2024-01-14,55.0,False,nuoc_ngot_2024.csv
nuoc_ngot,Nước ngọt (Soft drinks),2024,2024-01-21,58.0,False,nuoc_ngot_2024.csv
nuoc_ngot,Nước ngọt (Soft drinks),2024,2024-01-28,78.0,False,nuoc_ngot_2024.csv
nuoc_ngot,Nước ngọt (Soft drinks),2024,2024-02-04,100.0,False,nuoc_ngot_2024.csv
nuoc_ngot,Nước ngọt (Soft drinks),2024,2024-02-11,54.0,False,nuoc_ngot_2024.csv
nuoc_ngot,Nước ngọt (Soft drinks),2024,2024-02-18,53.0,False,nuoc_ngot_2024.csv
nuoc_ngot,Nước ngọt (Soft drinks),2024,2024-02-25,54.0,False,nuoc_ngot_2024.csv
nuoc_ngot,Nước ngọt (Soft drinks),2024,2024-03-03,64.0,False,nuoc_ngot_2024.csv
nuoc_ngot,Nước ngọt (Soft drinks),2024,2024-03-10,68.0,False,nuoc_ngot_2024.csv
nuoc_ngot,Nước ngọt (Soft drinks),2024,2024-03-17,62.0,False,nuoc_ngot_2024.csv
nuoc_ngot,Nước ngọt (Soft drinks),2024,2024-03-24,60.0,False,nuoc_ngot_2024.csv
nuoc_ngot,Nước ngọt (Soft drinks),2024,2024-03-31,55.0,False,nuoc_ngot_2024.csv
nuoc_ngot,Nước ngọt (Soft drinks),2024,2024-04-07,56.0,False,nuoc_ngot_2024.csv
nuoc_ngot,Nước ngọt (Soft drinks),2024,2024-04-14,59.0,False,nuoc_ngot_2024.csv
nuoc_ngot,Nước ngọt (Soft drinks),2024,2024-04-21,65.0,False,nuoc_ngot_2024.csv
nuoc_ngot,Nước ngọt (Soft drinks),2024,2024-04-28,63.0,False,nuoc_ngot_2024.csv
nuoc_ngot,Nước ngọt (Soft drinks),2024,2024-05-05,62.0,False,nuoc_ngot_2024.csv
nuoc_ngot,Nước ngọt (Soft drinks),2024,2024-05-12,58.0,False,nuoc_ngot_2024.csv
nuoc_ngot,Nước ngọt (Soft drinks),2024,2024-05-19,47.0,False,nuoc_ngot_2024.csv
nuoc_ngot,Nước ngọt (Soft drinks),2024,2024-05-26,48.0,False,nuoc_ngot_2024.csv
nuoc_ngot,Nước ngọt (Soft drinks),2024,2024-06-02,45.0,False,nuoc_ngot_2024.csv
nuoc_ngot,Nước ngọt (Soft drinks),2024,2024-06-09,50.0,False,nuoc_ngot_2024.csv
nuoc_ngot,Nước ngọt (Soft drinks),2024,2024-06-16,43.0,False,nuoc_ngot_2024.csv
nuoc_ngot,Nước ngọt (Soft drinks),2024,2024-06-23,45.0,False,nuoc_ngot_2024.csv
nuoc_ngot,Nước ngọt (Soft drinks),2024,2024-06-30,40.0,False,nuoc_ngot_2024.csv
nuoc_ngot,Nước ngọt (Soft drinks),2024,2024-07-07,44.0,False,nuoc_ngot_2024.csv
nuoc_ngot,Nước ngọt (Soft drinks),2024,2024-07-14,40.0,False,nuoc_ngot_2024.csv
nuoc_ngot,Nước ngọt (Soft drinks),2024,2024-07-21,42.0,False,nuoc_ngot_2024.csv
nuoc_ngot,Nước ngọt (Soft drinks),2024,2024-07-28,42.0,False,nuoc_ngot_2024.csv
nuoc_ngot,Nước ngọt (Soft drinks),2024,2024-08-04,47.0,False,nuoc_ngot_2024.csv
nuoc_ngot,Nước ngọt (Soft drinks),2024,2024-08-11,48.0,False,nuoc_ngot_2024.csv
nuoc_ngot,Nước ngọt (Soft drinks),2024,2024-08-18,43.0,False,nuoc_ngot_2024.csv
nuoc_ngot,Nước ngọt (Soft drinks),2024,2024-08-25,41.0,False,nuoc_ngot_2024.csv
nuoc_ngot,Nước ngọt (Soft drinks),2024,2024-09-01,42.0,False,nuoc_ngot_2024.csv
nuoc_ngot,Nước ngọt (Soft drinks),2024,2024-09-08,42.0,False,nuoc_ngot_2024.csv
nuoc_ngot,Nước ngọt (Soft drinks),2024,2024-09-15,39.0,False,nuoc_ngot_2024.csv
nuoc_ngot,Nước ngọt (Soft drinks),2024,2024-09-22,43.0,False,nuoc_ngot_2024.csv
nuoc_ngot,Nước ngọt (Soft drinks),2024,2024-09-29,46.0,False,nuoc_ngot_2024.csv
nuoc_ngot,Nước ngọt (Soft drinks),2024,2024-10-06,43.0,False,nuoc_ngot_2024.csv
nuoc_ngot,Nước ngọt (Soft drinks),2024,2024-10-13,45.0,False,nuoc_ngot_2024.csv
nuoc_ngot,Nước ngọt (Soft drinks),2024,2024-10-20,44.0,False,nuoc_ngot_2024.csv
nuoc_ngot,Nước ngọt (Soft drinks),2024,2024-10-27,48.0,False,nuoc_ngot_2024.csv
nuoc_ngot,Nước ngọt (Soft drinks),2024,2024-11-03,48.0,False,nuoc_ngot_2024.csv
nuoc_ngot,Nước ngọt (Soft drinks),2024,2024-11-10,49.0,False,nuoc_ngot_2024.csv
nuoc_ngot,Nước ngọt (Soft drinks),2024,2024-11-17,45.0,False,nuoc_ngot_2024.csv
nuoc_ngot,Nước ngọt (Soft drinks),2024,2024-11-24,53.0,False,nuoc_ngot_2024.csv
nuoc_ngot,Nước ngọt (Soft drinks),2024,2024-12-01,53.0,False,nuoc_ngot_2024.csv
nuoc_ngot,Nước ngọt (Soft drinks),2024,2024-12-08,54.0,False,nuoc_ngot_2024.csv
nuoc_ngot,Nước ngọt (Soft drinks),2024,2024-12-15,54.0,False,nuoc_ngot_2024.csv
nuoc_ngot,Nước ngọt (Soft drinks),2024,2024-12-22,65.0,False,nuoc_ngot_2024.csv
nuoc_ngot,Nước ngọt (Soft drinks),2024,2024-12-29,56.0,False,nuoc_ngot_2024.csv
nuoc_ngot,Nước ngọt (Soft drinks),2025,2024-12-29,75.0,False,nuoc_ngot_2025.csv
nuoc_ngot,Nước ngọt (Soft drinks),2025,2025-01-05,70.0,False,nuoc_ngot_2025.csv
nuoc_ngot,Nước ngọt (Soft drinks),2025,2025-01-12,80.0,False,nuoc_ngot_2025.csv
nuoc_ngot,Nước ngọt (Soft drinks),2025,2025-01-19,100.0,False,nuoc_ngot_2025.csv
nuoc_ngot,Nước ngọt (Soft drinks),2025,2025-01-26,94.0,False,nuoc_ngot_2025.csv
nuoc_ngot,Nước ngọt (Soft drinks),2025,2025-02-02,59.0,False,nuoc_ngot_2025.csv
nuoc_ngot,Nước ngọt (Soft drinks),2025,2025-02-09,58.0,False,nuoc_ngot_2025.csv
nuoc_ngot,Nước ngọt (Soft drinks),2025,2025-02-16,56.0,False,nuoc_ngot_2025.csv
nuoc_ngot,Nước ngọt (Soft drinks),2025,2025-02-23,60.0,False,nuoc_ngot_2025.csv
nuoc_ngot,Nước ngọt (Soft drinks),2025,2025-03-02,69.0,False,nuoc_ngot_2025.csv
nuoc_ngot,Nước ngọt (Soft drinks),2025,2025-03-09,80.0,False,nuoc_ngot_2025.csv
nuoc_ngot,Nước ngọt (Soft drinks),2025,2025-03-16,79.0,False,nuoc_ngot_2025.csv
nuoc_ngot,Nước ngọt (Soft drinks),2025,2025-03-23,68.0,False,nuoc_ngot_2025.csv
nuoc_ngot,Nước ngọt (Soft drinks),2025,2025-03-30,63.0,False,nuoc_ngot_2025.csv
nuoc_ngot,Nước ngọt (Soft drinks),2025,2025-04-06,61.0,False,nuoc_ngot_2025.csv
nuoc_ngot,Nước ngọt (Soft drinks),2025,2025-04-13,68.0,False,nuoc_ngot_2025.csv
nuoc_ngot,Nước ngọt (Soft drinks),2025,2025-04-20,65.0,False,nuoc_ngot_2025.csv
nuoc_ngot,Nước ngọt (Soft drinks),2025,2025-04-27,68.0,False,nuoc_ngot_2025.csv
nuoc_ngot,Nước ngọt (Soft drinks),2025,2025-05-04,74.0,False,nuoc_ngot_2025.csv
nuoc_ngot,Nước ngọt (Soft drinks),2025,2025-05-11,57.0,False,nuoc_ngot_2025.csv
nuoc_ngot,Nước ngọt (Soft drinks),2025,2025-05-18,52.0,False,nuoc_ngot_2025.csv
nuoc_ngot,Nước ngọt (Soft drinks),2025,2025-05-25,46.0,False,nuoc_ngot_2025.csv
nuoc_ngot,Nước ngọt (Soft drinks),2025,2025-06-01,58.0,False,nuoc_ngot_2025.csv
nuoc_ngot,Nước ngọt (Soft drinks),2025,2025-06-08,55.0,False,nuoc_ngot_2025.csv
nuoc_ngot,Nước ngọt (Soft drinks),2025,2025-06-15,57.0,False,nuoc_ngot_2025.csv
nuoc_ngot,Nước ngọt (Soft drinks),2025,2025-06-22,51.0,False,nuoc_ngot_2025.csv
nuoc_ngot,Nước ngọt (Soft drinks),2025,2025-06-29,48.0,False,nuoc_ngot_2025.csv
nuoc_ngot,Nước ngọt (Soft drinks),2025,2025-07-06,54.0,False,nuoc_ngot_2025.csv
nuoc_ngot,Nước ngọt (Soft drinks),2025,2025-07-13,54.0,False,nuoc_ngot_2025.csv
nuoc_ngot,Nước ngọt (Soft drinks),2025,2025-07-20,53.0,False,nuoc_ngot_2025.csv
nuoc_ngot,Nước ngọt (Soft drinks),2025,2025-07-27,62.0,False,nuoc_ngot_2025.csv
nuoc_ngot,Nước ngọt (Soft drinks),2025,2025-08-03,65.0,False,nuoc_ngot_2025.csv
nuoc_ngot,Nước ngọt (Soft drinks),2025,2025-08-10,60.0,False,nuoc_ngot_2025.csv
nuoc_ngot,Nước ngọt (Soft drinks),2025,2025-08-17,55.0,False,nuoc_ngot_2025.csv
nuoc_ngot,Nước ngọt (Soft drinks),2025,2025-08-24,54.0,False,nuoc_ngot_2025.csv
nuoc_ngot,Nước ngọt (Soft drinks),2025,2025-08-31,54.0,False,nuoc_ngot_2025.csv
nuoc_ngot,Nước ngọt (Soft drinks),2025,2025-09-07,52.0,False,nuoc_ngot_2025.csv
nuoc_ngot,Nước ngọt (Soft drinks),2025,2025-09-14,55.0,False,nuoc_ngot_2025.csv
nuoc_ngot,Nước ngọt (Soft drinks),2025,2025-09-21,58.0,False,nuoc_ngot_2025.csv
nuoc_ngot,Nước ngọt (Soft drinks),2025,2025-09-28,60.0,False,nuoc_ngot_2025.csv
nuoc_ngot,Nước ngọt (Soft drinks),2025,2025-10-05,62.0,False,nuoc_ngot_2025.csv
nuoc_ngot,Nước ngọt (Soft drinks),2025,2025-10-12,61.0,False,nuoc_ngot_2025.csv
nuoc_ngot,Nước ngọt (Soft drinks),2025,2025-10-19,61.0,False,nuoc_ngot_2025.csv
nuoc_ngot,Nước ngọt (Soft drinks),2025,2025-10-26,65.0,False,nuoc_ngot_2025.csv
nuoc_ngot,Nước ngọt (Soft drinks),2025,2025-11-02,61.0,False,nuoc_ngot_2025.csv
nuoc_ngot,Nước ngọt (Soft drinks),2025,2025-11-09,63.0,False,nuoc_ngot_2025.csv
nuoc_ngot,Nước ngọt (Soft drinks),2025,2025-11-16,67.0,False,nuoc_ngot_2025.csv
nuoc_ngot,Nước ngọt (Soft drinks),2025,2025-11-23,66.0,False,nuoc_ngot_2025.csv
nuoc_ngot,Nước ngọt (Soft drinks),2025,2025-11-30,67.0,False,nuoc_ngot_2025.csv
nuoc_ngot,Nước ngọt (Soft drinks),2025,2025-12-07,65.0,False,nuoc_ngot_2025.csv
nuoc_ngot,Nước ngọt (Soft drinks),2025,2025-12-14,73.0,False,nuoc_ngot_2025.csv
nuoc_ngot,Nước ngọt (Soft drinks),2025,2025-12-21,74.0,False,nuoc_ngot_2025.csv
nuoc_ngot,Nước ngọt (Soft drinks),2025,2025-12-28,80.0,False,nuoc_ngot_2025.csv
sua,Sữa (Milk / Dairy),2020,2019-12-29,59.0,False,Sua_2020.csv
sua,Sữa (Milk / Dairy),2020,2020-01-05,58.0,False,Sua_2020.csv
sua,Sữa (Milk / Dairy),2020,2020-01-12,51.0,False,Sua_2020.csv
sua,Sữa (Milk / Dairy),2020,2020-01-19,47.0,False,Sua_2020.csv
sua,Sữa (Milk / Dairy),2020,2020-01-26,51.0,False,Sua_2020.csv
sua,Sữa (Milk / Dairy),2020,2020-02-02,56.0,False,Sua_2020.csv
sua,Sữa (Milk / Dairy),2020,2020-02-09,64.0,False,Sua_2020.csv
sua,Sữa (Milk / Dairy),2020,2020-02-16,66.0,False,Sua_2020.csv
sua,Sữa (Milk / Dairy),2020,2020-02-23,71.0,False,Sua_2020.csv
sua,Sữa (Milk / Dairy),2020,2020-03-01,67.0,False,Sua_2020.csv
sua,Sữa (Milk / Dairy),2020,2020-03-08,71.0,False,Sua_2020.csv
sua,Sữa (Milk / Dairy),2020,2020-03-15,73.0,False,Sua_2020.csv
sua,Sữa (Milk / Dairy),2020,2020-03-22,78.0,False,Sua_2020.csv
sua,Sữa (Milk / Dairy),2020,2020-03-29,85.0,False,Sua_2020.csv
sua,Sữa (Milk / Dairy),2020,2020-04-05,100.0,False,Sua_2020.csv
sua,Sữa (Milk / Dairy),2020,2020-04-12,98.0,False,Sua_2020.csv
sua,Sữa (Milk / Dairy),2020,2020-04-19,100.0,False,Sua_2020.csv
sua,Sữa (Milk / Dairy),2020,2020-04-26,100.0,False,Sua_2020.csv
sua,Sữa (Milk / Dairy),2020,2020-05-03,99.0,False,Sua_2020.csv
sua,Sữa (Milk / Dairy),2020,2020-05-10,95.0,False,Sua_2020.csv
sua,Sữa (Milk / Dairy),2020,2020-05-17,84.0,False,Sua_2020.csv
sua,Sữa (Milk / Dairy),2020,2020-05-24,84.0,False,Sua_2020.csv
sua,Sữa (Milk / Dairy),2020,2020-05-31,83.0,False,Sua_2020.csv
sua,Sữa (Milk / Dairy),2020,2020-06-07,77.0,False,Sua_2020.csv
sua,Sữa (Milk / Dairy),2020,2020-06-14,78.0,False,Sua_2020.csv
sua,Sữa (Milk / Dairy),2020,2020-06-21,72.0,False,Sua_2020.csv
sua,Sữa (Milk / Dairy),2020,2020-06-28,73.0,False,Sua_2020.csv
sua,Sữa (Milk / Dairy),2020,2020-07-05,74.0,False,Sua_2020.csv
sua,Sữa (Milk / Dairy),2020,2020-07-12,75.0,False,Sua_2020.csv
sua,Sữa (Milk / Dairy),2020,2020-07-19,78.0,False,Sua_2020.csv
sua,Sữa (Milk / Dairy),2020,2020-07-26,73.0,False,Sua_2020.csv
sua,Sữa (Milk / Dairy),2020,2020-08-02,76.0,False,Sua_2020.csv
sua,Sữa (Milk / Dairy),2020,2020-08-09,81.0,False,Sua_2020.csv
sua,Sữa (Milk / Dairy),2020,2020-08-16,89.0,False,Sua_2020.csv
sua,Sữa (Milk / Dairy),2020,2020-08-23,85.0,False,Sua_2020.csv
sua,Sữa (Milk / Dairy),2020,2020-08-30,78.0,False,Sua_2020.csv
sua,Sữa (Milk / Dairy),2020,2020-09-06,77.0,False,Sua_2020.csv
sua,Sữa (Milk / Dairy),2020,2020-09-13,77.0,False,Sua_2020.csv
sua,Sữa (Milk / Dairy),2020,2020-09-20,75.0,False,Sua_2020.csv
sua,Sữa (Milk / Dairy),2020,2020-09-27,71.0,False,Sua_2020.csv
sua,Sữa (Milk / Dairy),2020,2020-10-04,68.0,False,Sua_2020.csv
sua,Sữa (Milk / Dairy),2020,2020-10-11,69.0,False,Sua_2020.csv
sua,Sữa (Milk / Dairy),2020,2020-10-18,70.0,False,Sua_2020.csv
sua,Sữa (Milk / Dairy),2020,2020-10-25,67.0,False,Sua_2020.csv
sua,Sữa (Milk / Dairy),2020,2020-11-01,69.0,False,Sua_2020.csv
sua,Sữa (Milk / Dairy),2020,2020-11-08,74.0,False,Sua_2020.csv
sua,Sữa (Milk / Dairy),2020,2020-11-15,75.0,False,Sua_2020.csv
sua,Sữa (Milk / Dairy),2020,2020-11-22,74.0,False,Sua_2020.csv
sua,Sữa (Milk / Dairy),2020,2020-11-29,70.0,False,Sua_2020.csv
sua,Sữa (Milk / Dairy),2020,2020-12-06,71.0,False,Sua_2020.csv
sua,Sữa (Milk / Dairy),2020,2020-12-13,67.0,False,Sua_2020.csv
sua,Sữa (Milk / Dairy),2020,2020-12-20,64.0,False,Sua_2020.csv
sua,Sữa (Milk / Dairy),2020,2020-12-27,66.0,False,Sua_2020.csv
sua,Sữa (Milk / Dairy),2021,2020-12-27,61.0,False,Sua_2021.csv
sua,Sữa (Milk / Dairy),2021,2021-01-03,66.0,False,Sua_2021.csv
sua,Sữa (Milk / Dairy),2021,2021-01-10,63.0,False,Sua_2021.csv
sua,Sữa (Milk / Dairy),2021,2021-01-17,65.0,False,Sua_2021.csv
sua,Sữa (Milk / Dairy),2021,2021-01-24,63.0,False,Sua_2021.csv
sua,Sữa (Milk / Dairy),2021,2021-01-31,59.0,False,Sua_2021.csv
sua,Sữa (Milk / Dairy),2021,2021-02-07,52.0,False,Sua_2021.csv
sua,Sữa (Milk / Dairy),2021,2021-02-14,65.0,False,Sua_2021.csv
sua,Sữa (Milk / Dairy),2021,2021-02-21,68.0,False,Sua_2021.csv
sua,Sữa (Milk / Dairy),2021,2021-02-28,72.0,False,Sua_2021.csv
sua,Sữa (Milk / Dairy),2021,2021-03-07,72.0,False,Sua_2021.csv
sua,Sữa (Milk / Dairy),2021,2021-03-14,73.0,False,Sua_2021.csv
sua,Sữa (Milk / Dairy),2021,2021-03-21,70.0,False,Sua_2021.csv
sua,Sữa (Milk / Dairy),2021,2021-03-28,69.0,False,Sua_2021.csv
sua,Sữa (Milk / Dairy),2021,2021-04-04,73.0,False,Sua_2021.csv
sua,Sữa (Milk / Dairy),2021,2021-04-11,71.0,False,Sua_2021.csv
sua,Sữa (Milk / Dairy),2021,2021-04-18,69.0,False,Sua_2021.csv
sua,Sữa (Milk / Dairy),2021,2021-04-25,64.0,False,Sua_2021.csv
sua,Sữa (Milk / Dairy),2021,2021-05-02,72.0,False,Sua_2021.csv
sua,Sữa (Milk / Dairy),2021,2021-05-09,71.0,False,Sua_2021.csv
sua,Sữa (Milk / Dairy),2021,2021-05-16,78.0,False,Sua_2021.csv
sua,Sữa (Milk / Dairy),2021,2021-05-23,76.0,False,Sua_2021.csv
sua,Sữa (Milk / Dairy),2021,2021-05-30,84.0,False,Sua_2021.csv
sua,Sữa (Milk / Dairy),2021,2021-06-06,76.0,False,Sua_2021.csv
sua,Sữa (Milk / Dairy),2021,2021-06-13,68.0,False,Sua_2021.csv
sua,Sữa (Milk / Dairy),2021,2021-06-20,71.0,False,Sua_2021.csv
sua,Sữa (Milk / Dairy),2021,2021-06-27,76.0,False,Sua_2021.csv
sua,Sữa (Milk / Dairy),2021,2021-07-04,76.0,False,Sua_2021.csv
sua,Sữa (Milk / Dairy),2021,2021-07-11,87.0,False,Sua_2021.csv
sua,Sữa (Milk / Dairy),2021,2021-07-18,86.0,False,Sua_2021.csv
sua,Sữa (Milk / Dairy),2021,2021-07-25,86.0,False,Sua_2021.csv
sua,Sữa (Milk / Dairy),2021,2021-08-01,94.0,False,Sua_2021.csv
sua,Sữa (Milk / Dairy),2021,2021-08-08,100.0,False,Sua_2021.csv
sua,Sữa (Milk / Dairy),2021,2021-08-15,94.0,False,Sua_2021.csv
sua,Sữa (Milk / Dairy),2021,2021-08-22,93.0,False,Sua_2021.csv
sua,Sữa (Milk / Dairy),2021,2021-08-29,95.0,False,Sua_2021.csv
sua,Sữa (Milk / Dairy),2021,2021-09-05,85.0,False,Sua_2021.csv
sua,Sữa (Milk / Dairy),2021,2021-09-12,80.0,False,Sua_2021.csv
sua,Sữa (Milk / Dairy),2021,2021-09-19,73.0,False,Sua_2021.csv
sua,Sữa (Milk / Dairy),2021,2021-09-26,78.0,False,Sua_2021.csv
sua,Sữa (Milk / Dairy),2021,2021-10-03,74.0,False,Sua_2021.csv
sua,Sữa (Milk / Dairy),2021,2021-10-10,73.0,False,Sua_2021.csv
sua,Sữa (Milk / Dairy),2021,2021-10-17,69.0,False,Sua_2021.csv
sua,Sữa (Milk / Dairy),2021,2021-10-24,65.0,False,Sua_2021.csv
sua,Sữa (Milk / Dairy),2021,2021-10-31,64.0,False,Sua_2021.csv
sua,Sữa (Milk / Dairy),2021,2021-11-07,67.0,False,Sua_2021.csv
sua,Sữa (Milk / Dairy),2021,2021-11-14,68.0,False,Sua_2021.csv
sua,Sữa (Milk / Dairy),2021,2021-11-21,67.0,False,Sua_2021.csv
sua,Sữa (Milk / Dairy),2021,2021-11-28,66.0,False,Sua_2021.csv
sua,Sữa (Milk / Dairy),2021,2021-12-05,64.0,False,Sua_2021.csv
sua,Sữa (Milk / Dairy),2021,2021-12-12,69.0,False,Sua_2021.csv
sua,Sữa (Milk / Dairy),2021,2021-12-19,65.0,False,Sua_2021.csv
sua,Sữa (Milk / Dairy),2021,2021-12-26,61.0,False,Sua_2021.csv
sua,Sữa (Milk / Dairy),2022,2021-12-26,79.0,False,Sua_2022.csv
sua,Sữa (Milk / Dairy),2022,2022-01-02,87.0,False,Sua_2022.csv
sua,Sữa (Milk / Dairy),2022,2022-01-09,88.0,False,Sua_2022.csv
sua,Sữa (Milk / Dairy),2022,2022-01-16,79.0,False,Sua_2022.csv
sua,Sữa (Milk / Dairy),2022,2022-01-23,75.0,False,Sua_2022.csv
sua,Sữa (Milk / Dairy),2022,2022-01-30,76.0,False,Sua_2022.csv
sua,Sữa (Milk / Dairy),2022,2022-02-06,94.0,False,Sua_2022.csv
sua,Sữa (Milk / Dairy),2022,2022-02-13,89.0,False,Sua_2022.csv
sua,Sữa (Milk / Dairy),2022,2022-02-20,86.0,False,Sua_2022.csv
sua,Sữa (Milk / Dairy),2022,2022-02-27,90.0,False,Sua_2022.csv
sua,Sữa (Milk / Dairy),2022,2022-03-06,88.0,False,Sua_2022.csv
sua,Sữa (Milk / Dairy),2022,2022-03-13,92.0,False,Sua_2022.csv
sua,Sữa (Milk / Dairy),2022,2022-03-20,89.0,False,Sua_2022.csv
sua,Sữa (Milk / Dairy),2022,2022-03-27,86.0,False,Sua_2022.csv
sua,Sữa (Milk / Dairy),2022,2022-04-03,92.0,False,Sua_2022.csv
sua,Sữa (Milk / Dairy),2022,2022-04-10,93.0,False,Sua_2022.csv
sua,Sữa (Milk / Dairy),2022,2022-04-17,88.0,False,Sua_2022.csv
sua,Sữa (Milk / Dairy),2022,2022-04-24,88.0,False,Sua_2022.csv
sua,Sữa (Milk / Dairy),2022,2022-05-01,90.0,False,Sua_2022.csv
sua,Sữa (Milk / Dairy),2022,2022-05-08,91.0,False,Sua_2022.csv
sua,Sữa (Milk / Dairy),2022,2022-05-15,91.0,False,Sua_2022.csv
sua,Sữa (Milk / Dairy),2022,2022-05-22,87.0,False,Sua_2022.csv
sua,Sữa (Milk / Dairy),2022,2022-05-29,91.0,False,Sua_2022.csv
sua,Sữa (Milk / Dairy),2022,2022-06-05,89.0,False,Sua_2022.csv
sua,Sữa (Milk / Dairy),2022,2022-06-12,95.0,False,Sua_2022.csv
sua,Sữa (Milk / Dairy),2022,2022-06-19,95.0,False,Sua_2022.csv
sua,Sữa (Milk / Dairy),2022,2022-06-26,97.0,False,Sua_2022.csv
sua,Sữa (Milk / Dairy),2022,2022-07-03,100.0,False,Sua_2022.csv
sua,Sữa (Milk / Dairy),2022,2022-07-10,99.0,False,Sua_2022.csv
sua,Sữa (Milk / Dairy),2022,2022-07-17,95.0,False,Sua_2022.csv
sua,Sữa (Milk / Dairy),2022,2022-07-24,96.0,False,Sua_2022.csv
sua,Sữa (Milk / Dairy),2022,2022-07-31,97.0,False,Sua_2022.csv
sua,Sữa (Milk / Dairy),2022,2022-08-07,94.0,False,Sua_2022.csv
sua,Sữa (Milk / Dairy),2022,2022-08-14,97.0,False,Sua_2022.csv
sua,Sữa (Milk / Dairy),2022,2022-08-21,93.0,False,Sua_2022.csv
sua,Sữa (Milk / Dairy),2022,2022-08-28,94.0,False,Sua_2022.csv
sua,Sữa (Milk / Dairy),2022,2022-09-04,88.0,False,Sua_2022.csv
sua,Sữa (Milk / Dairy),2022,2022-09-11,86.0,False,Sua_2022.csv
sua,Sữa (Milk / Dairy),2022,2022-09-18,92.0,False,Sua_2022.csv
sua,Sữa (Milk / Dairy),2022,2022-09-25,86.0,False,Sua_2022.csv
sua,Sữa (Milk / Dairy),2022,2022-10-02,87.0,False,Sua_2022.csv
sua,Sữa (Milk / Dairy),2022,2022-10-09,84.0,False,Sua_2022.csv
sua,Sữa (Milk / Dairy),2022,2022-10-16,89.0,False,Sua_2022.csv
sua,Sữa (Milk / Dairy),2022,2022-10-23,90.0,False,Sua_2022.csv
sua,Sữa (Milk / Dairy),2022,2022-10-30,89.0,False,Sua_2022.csv
sua,Sữa (Milk / Dairy),2022,2022-11-06,88.0,False,Sua_2022.csv
sua,Sữa (Milk / Dairy),2022,2022-11-13,90.0,False,Sua_2022.csv
sua,Sữa (Milk / Dairy),2022,2022-11-20,76.0,False,Sua_2022.csv
sua,Sữa (Milk / Dairy),2022,2022-11-27,72.0,False,Sua_2022.csv
sua,Sữa (Milk / Dairy),2022,2022-12-04,77.0,False,Sua_2022.csv
sua,Sữa (Milk / Dairy),2022,2022-12-11,80.0,False,Sua_2022.csv
sua,Sữa (Milk / Dairy),2022,2022-12-18,79.0,False,Sua_2022.csv
sua,Sữa (Milk / Dairy),2022,2022-12-25,75.0,False,Sua_2022.csv
sua,Sữa (Milk / Dairy),2023,2023-01-01,75.0,False,Sua_2023.csv
sua,Sữa (Milk / Dairy),2023,2023-01-08,72.0,False,Sua_2023.csv
sua,Sữa (Milk / Dairy),2023,2023-01-15,67.0,False,Sua_2023.csv
sua,Sữa (Milk / Dairy),2023,2023-01-22,70.0,False,Sua_2023.csv
sua,Sữa (Milk / Dairy),2023,2023-01-29,97.0,False,Sua_2023.csv
sua,Sữa (Milk / Dairy),2023,2023-02-05,86.0,False,Sua_2023.csv
sua,Sữa (Milk / Dairy),2023,2023-02-12,89.0,False,Sua_2023.csv
sua,Sữa (Milk / Dairy),2023,2023-02-19,90.0,False,Sua_2023.csv
sua,Sữa (Milk / Dairy),2023,2023-02-26,88.0,False,Sua_2023.csv
sua,Sữa (Milk / Dairy),2023,2023-03-05,88.0,False,Sua_2023.csv
sua,Sữa (Milk / Dairy),2023,2023-03-12,91.0,False,Sua_2023.csv
sua,Sữa (Milk / Dairy),2023,2023-03-19,98.0,False,Sua_2023.csv
sua,Sữa (Milk / Dairy),2023,2023-03-26,91.0,False,Sua_2023.csv
sua,Sữa (Milk / Dairy),2023,2023-04-02,99.0,False,Sua_2023.csv
sua,Sữa (Milk / Dairy),2023,2023-04-09,93.0,False,Sua_2023.csv
sua,Sữa (Milk / Dairy),2023,2023-04-16,90.0,False,Sua_2023.csv
sua,Sữa (Milk / Dairy),2023,2023-04-23,83.0,False,Sua_2023.csv
sua,Sữa (Milk / Dairy),2023,2023-04-30,95.0,False,Sua_2023.csv
sua,Sữa (Milk / Dairy),2023,2023-05-07,90.0,False,Sua_2023.csv
sua,Sữa (Milk / Dairy),2023,2023-05-14,92.0,False,Sua_2023.csv
sua,Sữa (Milk / Dairy),2023,2023-05-21,89.0,False,Sua_2023.csv
sua,Sữa (Milk / Dairy),2023,2023-05-28,89.0,False,Sua_2023.csv
sua,Sữa (Milk / Dairy),2023,2023-06-04,94.0,False,Sua_2023.csv
sua,Sữa (Milk / Dairy),2023,2023-06-11,98.0,False,Sua_2023.csv
sua,Sữa (Milk / Dairy),2023,2023-06-18,93.0,False,Sua_2023.csv
sua,Sữa (Milk / Dairy),2023,2023-06-25,94.0,False,Sua_2023.csv
sua,Sữa (Milk / Dairy),2023,2023-07-02,100.0,False,Sua_2023.csv
sua,Sữa (Milk / Dairy),2023,2023-07-09,99.0,False,Sua_2023.csv
sua,Sữa (Milk / Dairy),2023,2023-07-16,93.0,False,Sua_2023.csv
sua,Sữa (Milk / Dairy),2023,2023-07-23,95.0,False,Sua_2023.csv
sua,Sữa (Milk / Dairy),2023,2023-07-30,93.0,False,Sua_2023.csv
sua,Sữa (Milk / Dairy),2023,2023-08-06,97.0,False,Sua_2023.csv
sua,Sữa (Milk / Dairy),2023,2023-08-13,93.0,False,Sua_2023.csv
sua,Sữa (Milk / Dairy),2023,2023-08-20,91.0,False,Sua_2023.csv
sua,Sữa (Milk / Dairy),2023,2023-08-27,86.0,False,Sua_2023.csv
sua,Sữa (Milk / Dairy),2023,2023-09-03,92.0,False,Sua_2023.csv
sua,Sữa (Milk / Dairy),2023,2023-09-10,81.0,False,Sua_2023.csv
sua,Sữa (Milk / Dairy),2023,2023-09-17,81.0,False,Sua_2023.csv
sua,Sữa (Milk / Dairy),2023,2023-09-24,78.0,False,Sua_2023.csv
sua,Sữa (Milk / Dairy),2023,2023-10-01,82.0,False,Sua_2023.csv
sua,Sữa (Milk / Dairy),2023,2023-10-08,85.0,False,Sua_2023.csv
sua,Sữa (Milk / Dairy),2023,2023-10-15,86.0,False,Sua_2023.csv
sua,Sữa (Milk / Dairy),2023,2023-10-22,82.0,False,Sua_2023.csv
sua,Sữa (Milk / Dairy),2023,2023-10-29,82.0,False,Sua_2023.csv
sua,Sữa (Milk / Dairy),2023,2023-11-05,86.0,False,Sua_2023.csv
sua,Sữa (Milk / Dairy),2023,2023-11-12,81.0,False,Sua_2023.csv
sua,Sữa (Milk / Dairy),2023,2023-11-19,79.0,False,Sua_2023.csv
sua,Sữa (Milk / Dairy),2023,2023-11-26,78.0,False,Sua_2023.csv
sua,Sữa (Milk / Dairy),2023,2023-12-03,78.0,False,Sua_2023.csv
sua,Sữa (Milk / Dairy),2023,2023-12-10,80.0,False,Sua_2023.csv
sua,Sữa (Milk / Dairy),2023,2023-12-17,75.0,False,Sua_2023.csv
sua,Sữa (Milk / Dairy),2023,2023-12-24,68.0,False,Sua_2023.csv
sua,Sữa (Milk / Dairy),2023,2023-12-31,73.0,False,Sua_2023.csv
sua,Sữa (Milk / Dairy),2024,2023-12-31,75.0,False,Sua_2024.csv
sua,Sữa (Milk / Dairy),2024,2024-01-07,72.0,False,Sua_2024.csv
sua,Sữa (Milk / Dairy),2024,2024-01-14,75.0,False,Sua_2024.csv
sua,Sữa (Milk / Dairy),2024,2024-01-21,69.0,False,Sua_2024.csv
sua,Sữa (Milk / Dairy),2024,2024-01-28,65.0,False,Sua_2024.csv
sua,Sữa (Milk / Dairy),2024,2024-02-04,62.0,False,Sua_2024.csv
sua,Sữa (Milk / Dairy),2024,2024-02-11,70.0,False,Sua_2024.csv
sua,Sữa (Milk / Dairy),2024,2024-02-18,77.0,False,Sua_2024.csv
sua,Sữa (Milk / Dairy),2024,2024-02-25,76.0,False,Sua_2024.csv
sua,Sữa (Milk / Dairy),2024,2024-03-03,81.0,False,Sua_2024.csv
sua,Sữa (Milk / Dairy),2024,2024-03-10,83.0,False,Sua_2024.csv
sua,Sữa (Milk / Dairy),2024,2024-03-17,89.0,False,Sua_2024.csv
sua,Sữa (Milk / Dairy),2024,2024-03-24,84.0,False,Sua_2024.csv
sua,Sữa (Milk / Dairy),2024,2024-03-31,81.0,False,Sua_2024.csv
sua,Sữa (Milk / Dairy),2024,2024-04-07,81.0,False,Sua_2024.csv
sua,Sữa (Milk / Dairy),2024,2024-04-14,84.0,False,Sua_2024.csv
sua,Sữa (Milk / Dairy),2024,2024-04-21,82.0,False,Sua_2024.csv
sua,Sữa (Milk / Dairy),2024,2024-04-28,81.0,False,Sua_2024.csv
sua,Sữa (Milk / Dairy),2024,2024-05-05,86.0,False,Sua_2024.csv
sua,Sữa (Milk / Dairy),2024,2024-05-12,82.0,False,Sua_2024.csv
sua,Sữa (Milk / Dairy),2024,2024-05-19,79.0,False,Sua_2024.csv
sua,Sữa (Milk / Dairy),2024,2024-05-26,77.0,False,Sua_2024.csv
sua,Sữa (Milk / Dairy),2024,2024-06-02,100.0,False,Sua_2024.csv
sua,Sữa (Milk / Dairy),2024,2024-06-09,90.0,False,Sua_2024.csv
sua,Sữa (Milk / Dairy),2024,2024-06-16,81.0,False,Sua_2024.csv
sua,Sữa (Milk / Dairy),2024,2024-06-23,81.0,False,Sua_2024.csv
sua,Sữa (Milk / Dairy),2024,2024-06-30,76.0,False,Sua_2024.csv
sua,Sữa (Milk / Dairy),2024,2024-07-07,80.0,False,Sua_2024.csv
sua,Sữa (Milk / Dairy),2024,2024-07-14,84.0,False,Sua_2024.csv
sua,Sữa (Milk / Dairy),2024,2024-07-21,84.0,False,Sua_2024.csv
sua,Sữa (Milk / Dairy),2024,2024-07-28,83.0,False,Sua_2024.csv
sua,Sữa (Milk / Dairy),2024,2024-08-04,90.0,False,Sua_2024.csv
sua,Sữa (Milk / Dairy),2024,2024-08-11,85.0,False,Sua_2024.csv
sua,Sữa (Milk / Dairy),2024,2024-08-18,79.0,False,Sua_2024.csv
sua,Sữa (Milk / Dairy),2024,2024-08-25,89.0,False,Sua_2024.csv
sua,Sữa (Milk / Dairy),2024,2024-09-01,86.0,False,Sua_2024.csv
sua,Sữa (Milk / Dairy),2024,2024-09-08,81.0,False,Sua_2024.csv
sua,Sữa (Milk / Dairy),2024,2024-09-15,79.0,False,Sua_2024.csv
sua,Sữa (Milk / Dairy),2024,2024-09-22,83.0,False,Sua_2024.csv
sua,Sữa (Milk / Dairy),2024,2024-09-29,83.0,False,Sua_2024.csv
sua,Sữa (Milk / Dairy),2024,2024-10-06,82.0,False,Sua_2024.csv
sua,Sữa (Milk / Dairy),2024,2024-10-13,88.0,False,Sua_2024.csv
sua,Sữa (Milk / Dairy),2024,2024-10-20,85.0,False,Sua_2024.csv
sua,Sữa (Milk / Dairy),2024,2024-10-27,80.0,False,Sua_2024.csv
sua,Sữa (Milk / Dairy),2024,2024-11-03,85.0,False,Sua_2024.csv
sua,Sữa (Milk / Dairy),2024,2024-11-10,85.0,False,Sua_2024.csv
sua,Sữa (Milk / Dairy),2024,2024-11-17,86.0,False,Sua_2024.csv
sua,Sữa (Milk / Dairy),2024,2024-11-24,82.0,False,Sua_2024.csv
sua,Sữa (Milk / Dairy),2024,2024-12-01,78.0,False,Sua_2024.csv
sua,Sữa (Milk / Dairy),2024,2024-12-08,83.0,False,Sua_2024.csv
sua,Sữa (Milk / Dairy),2024,2024-12-15,76.0,False,Sua_2024.csv
sua,Sữa (Milk / Dairy),2024,2024-12-22,74.0,False,Sua_2024.csv
sua,Sữa (Milk / Dairy),2024,2024-12-29,74.0,False,Sua_2024.csv
sua,Sữa (Milk / Dairy),2025,2024-12-29,64.0,False,Sua_2025.csv
sua,Sữa (Milk / Dairy),2025,2025-01-05,58.0,False,Sua_2025.csv
sua,Sữa (Milk / Dairy),2025,2025-01-12,60.0,False,Sua_2025.csv
sua,Sữa (Milk / Dairy),2025,2025-01-19,55.0,False,Sua_2025.csv
sua,Sữa (Milk / Dairy),2025,2025-01-26,48.0,False,Sua_2025.csv
sua,Sữa (Milk / Dairy),2025,2025-02-02,59.0,False,Sua_2025.csv
sua,Sữa (Milk / Dairy),2025,2025-02-09,64.0,False,Sua_2025.csv
sua,Sữa (Milk / Dairy),2025,2025-02-16,61.0,False,Sua_2025.csv
sua,Sữa (Milk / Dairy),2025,2025-02-23,61.0,False,Sua_2025.csv
sua,Sữa (Milk / Dairy),2025,2025-03-02,68.0,False,Sua_2025.csv
sua,Sữa (Milk / Dairy),2025,2025-03-09,65.0,False,Sua_2025.csv
sua,Sữa (Milk / Dairy),2025,2025-03-16,68.0,False,Sua_2025.csv
sua,Sữa (Milk / Dairy),2025,2025-03-23,65.0,False,Sua_2025.csv
sua,Sữa (Milk / Dairy),2025,2025-03-30,63.0,False,Sua_2025.csv
sua,Sữa (Milk / Dairy),2025,2025-04-06,66.0,False,Sua_2025.csv
sua,Sữa (Milk / Dairy),2025,2025-04-13,100.0,False,Sua_2025.csv
sua,Sữa (Milk / Dairy),2025,2025-04-20,71.0,False,Sua_2025.csv
sua,Sữa (Milk / Dairy),2025,2025-04-27,60.0,False,Sua_2025.csv
sua,Sữa (Milk / Dairy),2025,2025-05-04,62.0,False,Sua_2025.csv
sua,Sữa (Milk / Dairy),2025,2025-05-11,61.0,False,Sua_2025.csv
sua,Sữa (Milk / Dairy),2025,2025-05-18,58.0,False,Sua_2025.csv
sua,Sữa (Milk / Dairy),2025,2025-05-25,57.0,False,Sua_2025.csv
sua,Sữa (Milk / Dairy),2025,2025-06-01,59.0,False,Sua_2025.csv
sua,Sữa (Milk / Dairy),2025,2025-06-08,59.0,False,Sua_2025.csv
sua,Sữa (Milk / Dairy),2025,2025-06-15,59.0,False,Sua_2025.csv
sua,Sữa (Milk / Dairy),2025,2025-06-22,52.0,False,Sua_2025.csv
sua,Sữa (Milk / Dairy),2025,2025-06-29,58.0,False,Sua_2025.csv
sua,Sữa (Milk / Dairy),2025,2025-07-06,71.0,False,Sua_2025.csv
sua,Sữa (Milk / Dairy),2025,2025-07-13,67.0,False,Sua_2025.csv
sua,Sữa (Milk / Dairy),2025,2025-07-20,65.0,False,Sua_2025.csv
sua,Sữa (Milk / Dairy),2025,2025-07-27,68.0,False,Sua_2025.csv
sua,Sữa (Milk / Dairy),2025,2025-08-03,72.0,False,Sua_2025.csv
sua,Sữa (Milk / Dairy),2025,2025-08-10,67.0,False,Sua_2025.csv
sua,Sữa (Milk / Dairy),2025,2025-08-17,63.0,False,Sua_2025.csv
sua,Sữa (Milk / Dairy),2025,2025-08-24,59.0,False,Sua_2025.csv
sua,Sữa (Milk / Dairy),2025,2025-08-31,61.0,False,Sua_2025.csv
sua,Sữa (Milk / Dairy),2025,2025-09-07,67.0,False,Sua_2025.csv
sua,Sữa (Milk / Dairy),2025,2025-09-14,65.0,False,Sua_2025.csv
sua,Sữa (Milk / Dairy),2025,2025-09-21,65.0,False,Sua_2025.csv
sua,Sữa (Milk / Dairy),2025,2025-09-28,62.0,False,Sua_2025.csv
sua,Sữa (Milk / Dairy),2025,2025-10-05,64.0,False,Sua_2025.csv
sua,Sữa (Milk / Dairy),2025,2025-10-12,65.0,False,Sua_2025.csv
sua,Sữa (Milk / Dairy),2025,2025-10-19,63.0,False,Sua_2025.csv
sua,Sữa (Milk / Dairy),2025,2025-10-26,65.0,False,Sua_2025.csv
sua,Sữa (Milk / Dairy),2025,2025-11-02,66.0,False,Sua_2025.csv
sua,Sữa (Milk / Dairy),2025,2025-11-09,66.0,False,Sua_2025.csv
sua,Sữa (Milk / Dairy),2025,2025-11-16,67.0,False,Sua_2025.csv
sua,Sữa (Milk / Dairy),2025,2025-11-23,66.0,False,Sua_2025.csv
sua,Sữa (Milk / Dairy),2025,2025-11-30,62.0,False,Sua_2025.csv
sua,Sữa (Milk / Dairy),2025,2025-12-07,64.0,False,Sua_2025.csv
sua,Sữa (Milk / Dairy),2025,2025-12-14,63.0,False,Sua_2025.csv
sua,Sữa (Milk / Dairy),2025,2025-12-21,65.0,False,Sua_2025.csv
sua,Sữa (Milk / Dairy),2025,2025-12-28,65.0,False,Sua_2025.csv
